40.3,-3.9,629
40.30727273,-3.9,636
40.31454545,-3.9,636
40.32181818,-3.9,636
40.32909091,-3.9,639
40.33636364,-3.9,639
40.34363636,-3.9,640
40.35090909,-3.9,640
40.35818182,-3.9,640
40.36545455,-3.9,642
40.37272727,-3.9,642
40.38,-3.9,642
40.38727273,-3.9,656
40.39454545,-3.9,656
40.40181818,-3.9,656
40.40909091,-3.9,678
40.41636364,-3.9,678
40.42363636,-3.9,697
40.43090909,-3.9,697
40.43818182,-3.9,697
40.44545455,-3.9,699
40.45272727,-3.9,699
40.46,-3.9,699
40.46727273,-3.9,683
40.47454545,-3.9,683
40.48181818,-3.9,683
40.48909091,-3.9,674
40.49636364,-3.9,674
40.50363636,-3.9,684
40.51090909,-3.9,684
40.51818182,-3.9,684
40.52545455,-3.9,699
40.53272727,-3.9,699
40.54,-3.9,699
40.54727273,-3.9,728
40.55454545,-3.9,728
40.56181818,-3.9,795
40.56909091,-3.9,795
40.57636364,-3.9,795
40.58363636,-3.9,898
40.59090909,-3.9,898
40.59818182,-3.9,898
40.60545455,-3.9,1004
40.61272727,-3.9,1004
40.62,-3.9,1004
40.62727273,-3.9,1106
40.63454545,-3.9,1106
40.64181818,-3.9,1129
40.64909091,-3.9,1129
40.65636364,-3.9,1129
40.66363636,-3.9,1039
40.67090909,-3.9,1039
40.67818182,-3.9,1039
40.68545455,-3.9,942
40.69272727,-3.9,942
40.7,-3.9,942
40.3,-3.892727273,639
40.30727273,-3.892727273,645
40.31454545,-3.892727273,645
40.32181818,-3.892727273,645
40.32909091,-3.892727273,657
40.33636364,-3.892727273,657
40.34363636,-3.892727273,665
40.35090909,-3.892727273,665
40.35818182,-3.892727273,665
40.36545455,-3.892727273,669
40.37272727,-3.892727273,669
40.38,-3.892727273,669
40.38727273,-3.892727273,674
40.39454545,-3.892727273,674
40.40181818,-3.892727273,674
40.40909091,-3.892727273,690
40.41636364,-3.892727273,690
40.42363636,-3.892727273,714
40.43090909,-3.892727273,714
40.43818182,-3.892727273,714
40.44545455,-3.892727273,727
40.45272727,-3.892727273,727
40.46,-3.892727273,727
40.46727273,-3.892727273,716
40.47454545,-3.892727273,716
40.48181818,-3.892727273,716
40.48909091,-3.892727273,707
40.49636364,-3.892727273,707
40.50363636,-3.892727273,712
40.51090909,-3.892727273,712
40.51818182,-3.892727273,712
40.52545455,-3.892727273,715
40.53272727,-3.892727273,715
40.54,-3.892727273,715
40.54727273,-3.892727273,724
40.55454545,-3.892727273,724
40.56181818,-3.892727273,762
40.56909091,-3.892727273,762
40.57636364,-3.892727273,762
40.58363636,-3.892727273,846
40.59090909,-3.892727273,846
40.59818182,-3.892727273,846
40.60545455,-3.892727273,948
40.61272727,-3.892727273,948
40.62,-3.892727273,948
40.62727273,-3.892727273,1049
40.63454545,-3.892727273,1049
40.64181818,-3.892727273,1083
40.64909091,-3.892727273,1083
40.65636364,-3.892727273,1083
40.66363636,-3.892727273,1024
40.67090909,-3.892727273,1024
40.67818182,-3.892727273,1024
40.68545455,-3.892727273,943
40.69272727,-3.892727273,943
40.7,-3.892727273,943
40.3,-3.885454545,639
40.30727273,-3.885454545,645
40.31454545,-3.885454545,645
40.32181818,-3.885454545,645
40.32909091,-3.885454545,657
40.33636364,-3.885454545,657
40.34363636,-3.885454545,665
40.35090909,-3.885454545,665
40.35818182,-3.885454545,665
40.36545455,-3.885454545,669
40.37272727,-3.885454545,669
40.38,-3.885454545,669
40.38727273,-3.885454545,674
40.39454545,-3.885454545,674
40.40181818,-3.885454545,674
40.40909091,-3.885454545,690
40.41636364,-3.885454545,690
40.42363636,-3.885454545,714
40.43090909,-3.885454545,714
40.43818182,-3.885454545,714
40.44545455,-3.885454545,727
40.45272727,-3.885454545,727
40.46,-3.885454545,727
40.46727273,-3.885454545,716
40.47454545,-3.885454545,716
40.48181818,-3.885454545,716
40.48909091,-3.885454545,707
40.49636364,-3.885454545,707
40.50363636,-3.885454545,712
40.51090909,-3.885454545,712
40.51818182,-3.885454545,712
40.52545455,-3.885454545,715
40.53272727,-3.885454545,715
40.54,-3.885454545,715
40.54727273,-3.885454545,724
40.55454545,-3.885454545,724
40.56181818,-3.885454545,762
40.56909091,-3.885454545,762
40.57636364,-3.885454545,762
40.58363636,-3.885454545,846
40.59090909,-3.885454545,846
40.59818182,-3.885454545,846
40.60545455,-3.885454545,948
40.61272727,-3.885454545,948
40.62,-3.885454545,948
40.62727273,-3.885454545,1049
40.63454545,-3.885454545,1049
40.64181818,-3.885454545,1083
40.64909091,-3.885454545,1083
40.65636364,-3.885454545,1083
40.66363636,-3.885454545,1024
40.67090909,-3.885454545,1024
40.67818182,-3.885454545,1024
40.68545455,-3.885454545,943
40.69272727,-3.885454545,943
40.7,-3.885454545,943
40.3,-3.878181818,649
40.30727273,-3.878181818,651
40.31454545,-3.878181818,651
40.32181818,-3.878181818,651
40.32909091,-3.878181818,668
40.33636364,-3.878181818,668
40.34363636,-3.878181818,686
40.35090909,-3.878181818,686
40.35818182,-3.878181818,686
40.36545455,-3.878181818,694
40.37272727,-3.878181818,694
40.38,-3.878181818,694
40.38727273,-3.878181818,693
40.39454545,-3.878181818,693
40.40181818,-3.878181818,693
40.40909091,-3.878181818,698
40.41636364,-3.878181818,698
40.42363636,-3.878181818,716
40.43090909,-3.878181818,716
40.43818182,-3.878181818,716
40.44545455,-3.878181818,732
40.45272727,-3.878181818,732
40.46,-3.878181818,732
40.46727273,-3.878181818,729
40.47454545,-3.878181818,729
40.48181818,-3.878181818,729
40.48909091,-3.878181818,717
40.49636364,-3.878181818,717
40.50363636,-3.878181818,711
40.51090909,-3.878181818,711
40.51818182,-3.878181818,711
40.52545455,-3.878181818,710
40.53272727,-3.878181818,710
40.54,-3.878181818,710
40.54727273,-3.878181818,712
40.55454545,-3.878181818,712
40.56181818,-3.878181818,730
40.56909091,-3.878181818,730
40.57636364,-3.878181818,730
40.58363636,-3.878181818,793
40.59090909,-3.878181818,793
40.59818182,-3.878181818,793
40.60545455,-3.878181818,887
40.61272727,-3.878181818,887
40.62,-3.878181818,887
40.62727273,-3.878181818,982
40.63454545,-3.878181818,982
40.64181818,-3.878181818,1026
40.64909091,-3.878181818,1026
40.65636364,-3.878181818,1026
40.66363636,-3.878181818,1001
40.67090909,-3.878181818,1001
40.67818182,-3.878181818,1001
40.68545455,-3.878181818,935
40.69272727,-3.878181818,935
40.7,-3.878181818,935
40.3,-3.870909091,649
40.30727273,-3.870909091,651
40.31454545,-3.870909091,651
40.32181818,-3.870909091,651
40.32909091,-3.870909091,668
40.33636364,-3.870909091,668
40.34363636,-3.870909091,686
40.35090909,-3.870909091,686
40.35818182,-3.870909091,686
40.36545455,-3.870909091,694
40.37272727,-3.870909091,694
40.38,-3.870909091,694
40.38727273,-3.870909091,693
40.39454545,-3.870909091,693
40.40181818,-3.870909091,693
40.40909091,-3.870909091,698
40.41636364,-3.870909091,698
40.42363636,-3.870909091,716
40.43090909,-3.870909091,716
40.43818182,-3.870909091,716
40.44545455,-3.870909091,732
40.45272727,-3.870909091,732
40.46,-3.870909091,732
40.46727273,-3.870909091,729
40.47454545,-3.870909091,729
40.48181818,-3.870909091,729
40.48909091,-3.870909091,717
40.49636364,-3.870909091,717
40.50363636,-3.870909091,711
40.51090909,-3.870909091,711
40.51818182,-3.870909091,711
40.52545455,-3.870909091,710
40.53272727,-3.870909091,710
40.54,-3.870909091,710
40.54727273,-3.870909091,712
40.55454545,-3.870909091,712
40.56181818,-3.870909091,730
40.56909091,-3.870909091,730
40.57636364,-3.870909091,730
40.58363636,-3.870909091,793
40.59090909,-3.870909091,793
40.59818182,-3.870909091,793
40.60545455,-3.870909091,887
40.61272727,-3.870909091,887
40.62,-3.870909091,887
40.62727273,-3.870909091,982
40.63454545,-3.870909091,982
40.64181818,-3.870909091,1026
40.64909091,-3.870909091,1026
40.65636364,-3.870909091,1026
40.66363636,-3.870909091,1001
40.67090909,-3.870909091,1001
40.67818182,-3.870909091,1001
40.68545455,-3.870909091,935
40.69272727,-3.870909091,935
40.7,-3.870909091,935
40.3,-3.863636364,649
40.30727273,-3.863636364,651
40.31454545,-3.863636364,651
40.32181818,-3.863636364,651
40.32909091,-3.863636364,668
40.33636364,-3.863636364,668
40.34363636,-3.863636364,686
40.35090909,-3.863636364,686
40.35818182,-3.863636364,686
40.36545455,-3.863636364,694
40.37272727,-3.863636364,694
40.38,-3.863636364,694
40.38727273,-3.863636364,693
40.39454545,-3.863636364,693
40.40181818,-3.863636364,693
40.40909091,-3.863636364,698
40.41636364,-3.863636364,698
40.42363636,-3.863636364,716
40.43090909,-3.863636364,716
40.43818182,-3.863636364,716
40.44545455,-3.863636364,732
40.45272727,-3.863636364,732
40.46,-3.863636364,732
40.46727273,-3.863636364,729
40.47454545,-3.863636364,729
40.48181818,-3.863636364,729
40.48909091,-3.863636364,717
40.49636364,-3.863636364,717
40.50363636,-3.863636364,711
40.51090909,-3.863636364,711
40.51818182,-3.863636364,711
40.52545455,-3.863636364,710
40.53272727,-3.863636364,710
40.54,-3.863636364,710
40.54727273,-3.863636364,712
40.55454545,-3.863636364,712
40.56181818,-3.863636364,730
40.56909091,-3.863636364,730
40.57636364,-3.863636364,730
40.58363636,-3.863636364,793
40.59090909,-3.863636364,793
40.59818182,-3.863636364,793
40.60545455,-3.863636364,887
40.61272727,-3.863636364,887
40.62,-3.863636364,887
40.62727273,-3.863636364,982
40.63454545,-3.863636364,982
40.64181818,-3.863636364,1026
40.64909091,-3.863636364,1026
40.65636364,-3.863636364,1026
40.66363636,-3.863636364,1001
40.67090909,-3.863636364,1001
40.67818182,-3.863636364,1001
40.68545455,-3.863636364,935
40.69272727,-3.863636364,935
40.7,-3.863636364,935
40.3,-3.856363636,665
40.30727273,-3.856363636,662
40.31454545,-3.856363636,662
40.32181818,-3.856363636,662
40.32909091,-3.856363636,676
40.33636364,-3.856363636,676
40.34363636,-3.856363636,697
40.35090909,-3.856363636,697
40.35818182,-3.856363636,697
40.36545455,-3.856363636,710
40.37272727,-3.856363636,710
40.38,-3.856363636,710
40.38727273,-3.856363636,710
40.39454545,-3.856363636,710
40.40181818,-3.856363636,710
40.40909091,-3.856363636,708
40.41636364,-3.856363636,708
40.42363636,-3.856363636,713
40.43090909,-3.856363636,713
40.43818182,-3.856363636,713
40.44545455,-3.856363636,720
40.45272727,-3.856363636,720
40.46,-3.856363636,720
40.46727273,-3.856363636,717
40.47454545,-3.856363636,717
40.48181818,-3.856363636,717
40.48909091,-3.856363636,703
40.49636364,-3.856363636,703
40.50363636,-3.856363636,691
40.51090909,-3.856363636,691
40.51818182,-3.856363636,691
40.52545455,-3.856363636,692
40.53272727,-3.856363636,692
40.54,-3.856363636,692
40.54727273,-3.856363636,697
40.55454545,-3.856363636,697
40.56181818,-3.856363636,704
40.56909091,-3.856363636,704
40.57636364,-3.856363636,704
40.58363636,-3.856363636,750
40.59090909,-3.856363636,750
40.59818182,-3.856363636,750
40.60545455,-3.856363636,834
40.61272727,-3.856363636,834
40.62,-3.856363636,834
40.62727273,-3.856363636,915
40.63454545,-3.856363636,915
40.64181818,-3.856363636,957
40.64909091,-3.856363636,957
40.65636364,-3.856363636,957
40.66363636,-3.856363636,955
40.67090909,-3.856363636,955
40.67818182,-3.856363636,955
40.68545455,-3.856363636,913
40.69272727,-3.856363636,913
40.7,-3.856363636,913
40.3,-3.849090909,665
40.30727273,-3.849090909,662
40.31454545,-3.849090909,662
40.32181818,-3.849090909,662
40.32909091,-3.849090909,676
40.33636364,-3.849090909,676
40.34363636,-3.849090909,697
40.35090909,-3.849090909,697
40.35818182,-3.849090909,697
40.36545455,-3.849090909,710
40.37272727,-3.849090909,710
40.38,-3.849090909,710
40.38727273,-3.849090909,710
40.39454545,-3.849090909,710
40.40181818,-3.849090909,710
40.40909091,-3.849090909,708
40.41636364,-3.849090909,708
40.42363636,-3.849090909,713
40.43090909,-3.849090909,713
40.43818182,-3.849090909,713
40.44545455,-3.849090909,720
40.45272727,-3.849090909,720
40.46,-3.849090909,720
40.46727273,-3.849090909,717
40.47454545,-3.849090909,717
40.48181818,-3.849090909,717
40.48909091,-3.849090909,703
40.49636364,-3.849090909,703
40.50363636,-3.849090909,691
40.51090909,-3.849090909,691
40.51818182,-3.849090909,691
40.52545455,-3.849090909,692
40.53272727,-3.849090909,692
40.54,-3.849090909,692
40.54727273,-3.849090909,697
40.55454545,-3.849090909,697
40.56181818,-3.849090909,704
40.56909091,-3.849090909,704
40.57636364,-3.849090909,704
40.58363636,-3.849090909,750
40.59090909,-3.849090909,750
40.59818182,-3.849090909,750
40.60545455,-3.849090909,834
40.61272727,-3.849090909,834
40.62,-3.849090909,834
40.62727273,-3.849090909,915
40.63454545,-3.849090909,915
40.64181818,-3.849090909,957
40.64909091,-3.849090909,957
40.65636364,-3.849090909,957
40.66363636,-3.849090909,955
40.67090909,-3.849090909,955
40.67818182,-3.849090909,955
40.68545455,-3.849090909,913
40.69272727,-3.849090909,913
40.7,-3.849090909,913
40.3,-3.841818182,665
40.30727273,-3.841818182,662
40.31454545,-3.841818182,662
40.32181818,-3.841818182,662
40.32909091,-3.841818182,676
40.33636364,-3.841818182,676
40.34363636,-3.841818182,697
40.35090909,-3.841818182,697
40.35818182,-3.841818182,697
40.36545455,-3.841818182,710
40.37272727,-3.841818182,710
40.38,-3.841818182,710
40.38727273,-3.841818182,710
40.39454545,-3.841818182,710
40.40181818,-3.841818182,710
40.40909091,-3.841818182,708
40.41636364,-3.841818182,708
40.42363636,-3.841818182,713
40.43090909,-3.841818182,713
40.43818182,-3.841818182,713
40.44545455,-3.841818182,720
40.45272727,-3.841818182,720
40.46,-3.841818182,720
40.46727273,-3.841818182,717
40.47454545,-3.841818182,717
40.48181818,-3.841818182,717
40.48909091,-3.841818182,703
40.49636364,-3.841818182,703
40.50363636,-3.841818182,691
40.51090909,-3.841818182,691
40.51818182,-3.841818182,691
40.52545455,-3.841818182,692
40.53272727,-3.841818182,692
40.54,-3.841818182,692
40.54727273,-3.841818182,697
40.55454545,-3.841818182,697
40.56181818,-3.841818182,704
40.56909091,-3.841818182,704
40.57636364,-3.841818182,704
40.58363636,-3.841818182,750
40.59090909,-3.841818182,750
40.59818182,-3.841818182,750
40.60545455,-3.841818182,834
40.61272727,-3.841818182,834
40.62,-3.841818182,834
40.62727273,-3.841818182,915
40.63454545,-3.841818182,915
40.64181818,-3.841818182,957
40.64909091,-3.841818182,957
40.65636364,-3.841818182,957
40.66363636,-3.841818182,955
40.67090909,-3.841818182,955
40.67818182,-3.841818182,955
40.68545455,-3.841818182,913
40.69272727,-3.841818182,913
40.7,-3.841818182,913
40.3,-3.834545455,677
40.30727273,-3.834545455,675
40.31454545,-3.834545455,675
40.32181818,-3.834545455,675
40.32909091,-3.834545455,684
40.33636364,-3.834545455,684
40.34363636,-3.834545455,700
40.35090909,-3.834545455,700
40.35818182,-3.834545455,700
40.36545455,-3.834545455,710
40.37272727,-3.834545455,710
40.38,-3.834545455,710
40.38727273,-3.834545455,714
40.39454545,-3.834545455,714
40.40181818,-3.834545455,714
40.40909091,-3.834545455,712
40.41636364,-3.834545455,712
40.42363636,-3.834545455,706
40.43090909,-3.834545455,706
40.43818182,-3.834545455,706
40.44545455,-3.834545455,699
40.45272727,-3.834545455,699
40.46,-3.834545455,699
40.46727273,-3.834545455,691
40.47454545,-3.834545455,691
40.48181818,-3.834545455,691
40.48909091,-3.834545455,683
40.49636364,-3.834545455,683
40.50363636,-3.834545455,677
40.51090909,-3.834545455,677
40.51818182,-3.834545455,677
40.52545455,-3.834545455,679
40.53272727,-3.834545455,679
40.54,-3.834545455,679
40.54727273,-3.834545455,679
40.55454545,-3.834545455,679
40.56181818,-3.834545455,674
40.56909091,-3.834545455,674
40.57636364,-3.834545455,674
40.58363636,-3.834545455,704
40.59090909,-3.834545455,704
40.59818182,-3.834545455,704
40.60545455,-3.834545455,773
40.61272727,-3.834545455,773
40.62,-3.834545455,773
40.62727273,-3.834545455,841
40.63454545,-3.834545455,841
40.64181818,-3.834545455,882
40.64909091,-3.834545455,882
40.65636364,-3.834545455,882
40.66363636,-3.834545455,893
40.67090909,-3.834545455,893
40.67818182,-3.834545455,893
40.68545455,-3.834545455,884
40.69272727,-3.834545455,884
40.7,-3.834545455,884
40.3,-3.827272727,677
40.30727273,-3.827272727,675
40.31454545,-3.827272727,675
40.32181818,-3.827272727,675
40.32909091,-3.827272727,684
40.33636364,-3.827272727,684
40.34363636,-3.827272727,700
40.35090909,-3.827272727,700
40.35818182,-3.827272727,700
40.36545455,-3.827272727,710
40.37272727,-3.827272727,710
40.38,-3.827272727,710
40.38727273,-3.827272727,714
40.39454545,-3.827272727,714
40.40181818,-3.827272727,714
40.40909091,-3.827272727,712
40.41636364,-3.827272727,712
40.42363636,-3.827272727,706
40.43090909,-3.827272727,706
40.43818182,-3.827272727,706
40.44545455,-3.827272727,699
40.45272727,-3.827272727,699
40.46,-3.827272727,699
40.46727273,-3.827272727,691
40.47454545,-3.827272727,691
40.48181818,-3.827272727,691
40.48909091,-3.827272727,683
40.49636364,-3.827272727,683
40.50363636,-3.827272727,677
40.51090909,-3.827272727,677
40.51818182,-3.827272727,677
40.52545455,-3.827272727,679
40.53272727,-3.827272727,679
40.54,-3.827272727,679
40.54727273,-3.827272727,679
40.55454545,-3.827272727,679
40.56181818,-3.827272727,674
40.56909091,-3.827272727,674
40.57636364,-3.827272727,674
40.58363636,-3.827272727,704
40.59090909,-3.827272727,704
40.59818182,-3.827272727,704
40.60545455,-3.827272727,773
40.61272727,-3.827272727,773
40.62,-3.827272727,773
40.62727273,-3.827272727,841
40.63454545,-3.827272727,841
40.64181818,-3.827272727,882
40.64909091,-3.827272727,882
40.65636364,-3.827272727,882
40.66363636,-3.827272727,893
40.67090909,-3.827272727,893
40.67818182,-3.827272727,893
40.68545455,-3.827272727,884
40.69272727,-3.827272727,884
40.7,-3.827272727,884
40.3,-3.82,677
40.30727273,-3.82,675
40.31454545,-3.82,675
40.32181818,-3.82,675
40.32909091,-3.82,684
40.33636364,-3.82,684
40.34363636,-3.82,700
40.35090909,-3.82,700
40.35818182,-3.82,700
40.36545455,-3.82,710
40.37272727,-3.82,710
40.38,-3.82,710
40.38727273,-3.82,714
40.39454545,-3.82,714
40.40181818,-3.82,714
40.40909091,-3.82,712
40.41636364,-3.82,712
40.42363636,-3.82,706
40.43090909,-3.82,706
40.43818182,-3.82,706
40.44545455,-3.82,699
40.45272727,-3.82,699
40.46,-3.82,699
40.46727273,-3.82,691
40.47454545,-3.82,691
40.48181818,-3.82,691
40.48909091,-3.82,683
40.49636364,-3.82,683
40.50363636,-3.82,677
40.51090909,-3.82,677
40.51818182,-3.82,677
40.52545455,-3.82,679
40.53272727,-3.82,679
40.54,-3.82,679
40.54727273,-3.82,679
40.55454545,-3.82,679
40.56181818,-3.82,674
40.56909091,-3.82,674
40.57636364,-3.82,674
40.58363636,-3.82,704
40.59090909,-3.82,704
40.59818182,-3.82,704
40.60545455,-3.82,773
40.61272727,-3.82,773
40.62,-3.82,773
40.62727273,-3.82,841
40.63454545,-3.82,841
40.64181818,-3.82,882
40.64909091,-3.82,882
40.65636364,-3.82,882
40.66363636,-3.82,893
40.67090909,-3.82,893
40.67818182,-3.82,893
40.68545455,-3.82,884
40.69272727,-3.82,884
40.7,-3.82,884
40.3,-3.812727273,678
40.30727273,-3.812727273,682
40.31454545,-3.812727273,682
40.32181818,-3.812727273,682
40.32909091,-3.812727273,689
40.33636364,-3.812727273,689
40.34363636,-3.812727273,696
40.35090909,-3.812727273,696
40.35818182,-3.812727273,696
40.36545455,-3.812727273,700
40.37272727,-3.812727273,700
40.38,-3.812727273,700
40.38727273,-3.812727273,703
40.39454545,-3.812727273,703
40.40181818,-3.812727273,703
40.40909091,-3.812727273,703
40.41636364,-3.812727273,703
40.42363636,-3.812727273,695
40.43090909,-3.812727273,695
40.43818182,-3.812727273,695
40.44545455,-3.812727273,680
40.45272727,-3.812727273,680
40.46,-3.812727273,680
40.46727273,-3.812727273,665
40.47454545,-3.812727273,665
40.48181818,-3.812727273,665
40.48909091,-3.812727273,661
40.49636364,-3.812727273,661
40.50363636,-3.812727273,663
40.51090909,-3.812727273,663
40.51818182,-3.812727273,663
40.52545455,-3.812727273,665
40.53272727,-3.812727273,665
40.54,-3.812727273,665
40.54727273,-3.812727273,659
40.55454545,-3.812727273,659
40.56181818,-3.812727273,654
40.56909091,-3.812727273,654
40.57636364,-3.812727273,654
40.58363636,-3.812727273,676
40.59090909,-3.812727273,676
40.59818182,-3.812727273,676
40.60545455,-3.812727273,728
40.61272727,-3.812727273,728
40.62,-3.812727273,728
40.62727273,-3.812727273,787
40.63454545,-3.812727273,787
40.64181818,-3.812727273,834
40.64909091,-3.812727273,834
40.65636364,-3.812727273,834
40.66363636,-3.812727273,863
40.67090909,-3.812727273,863
40.67818182,-3.812727273,863
40.68545455,-3.812727273,883
40.69272727,-3.812727273,883
40.7,-3.812727273,883
40.3,-3.805454545,678
40.30727273,-3.805454545,682
40.31454545,-3.805454545,682
40.32181818,-3.805454545,682
40.32909091,-3.805454545,689
40.33636364,-3.805454545,689
40.34363636,-3.805454545,696
40.35090909,-3.805454545,696
40.35818182,-3.805454545,696
40.36545455,-3.805454545,700
40.37272727,-3.805454545,700
40.38,-3.805454545,700
40.38727273,-3.805454545,703
40.39454545,-3.805454545,703
40.40181818,-3.805454545,703
40.40909091,-3.805454545,703
40.41636364,-3.805454545,703
40.42363636,-3.805454545,695
40.43090909,-3.805454545,695
40.43818182,-3.805454545,695
40.44545455,-3.805454545,680
40.45272727,-3.805454545,680
40.46,-3.805454545,680
40.46727273,-3.805454545,665
40.47454545,-3.805454545,665
40.48181818,-3.805454545,665
40.48909091,-3.805454545,661
40.49636364,-3.805454545,661
40.50363636,-3.805454545,663
40.51090909,-3.805454545,663
40.51818182,-3.805454545,663
40.52545455,-3.805454545,665
40.53272727,-3.805454545,665
40.54,-3.805454545,665
40.54727273,-3.805454545,659
40.55454545,-3.805454545,659
40.56181818,-3.805454545,654
40.56909091,-3.805454545,654
40.57636364,-3.805454545,654
40.58363636,-3.805454545,676
40.59090909,-3.805454545,676
40.59818182,-3.805454545,676
40.60545455,-3.805454545,728
40.61272727,-3.805454545,728
40.62,-3.805454545,728
40.62727273,-3.805454545,787
40.63454545,-3.805454545,787
40.64181818,-3.805454545,834
40.64909091,-3.805454545,834
40.65636364,-3.805454545,834
40.66363636,-3.805454545,863
40.67090909,-3.805454545,863
40.67818182,-3.805454545,863
40.68545455,-3.805454545,883
40.69272727,-3.805454545,883
40.7,-3.805454545,883
40.3,-3.798181818,666
40.30727273,-3.798181818,677
40.31454545,-3.798181818,677
40.32181818,-3.798181818,677
40.32909091,-3.798181818,685
40.33636364,-3.798181818,685
40.34363636,-3.798181818,687
40.35090909,-3.798181818,687
40.35818182,-3.798181818,687
40.36545455,-3.798181818,686
40.37272727,-3.798181818,686
40.38,-3.798181818,686
40.38727273,-3.798181818,685
40.39454545,-3.798181818,685
40.40181818,-3.798181818,685
40.40909091,-3.798181818,682
40.41636364,-3.798181818,682
40.42363636,-3.798181818,675
40.43090909,-3.798181818,675
40.43818182,-3.798181818,675
40.44545455,-3.798181818,661
40.45272727,-3.798181818,661
40.46,-3.798181818,661
40.46727273,-3.798181818,647
40.47454545,-3.798181818,647
40.48181818,-3.798181818,647
40.48909091,-3.798181818,640
40.49636364,-3.798181818,640
40.50363636,-3.798181818,641
40.51090909,-3.798181818,641
40.51818182,-3.798181818,641
40.52545455,-3.798181818,643
40.53272727,-3.798181818,643
40.54,-3.798181818,643
40.54727273,-3.798181818,645
40.55454545,-3.798181818,645
40.56181818,-3.798181818,656
40.56909091,-3.798181818,656
40.57636364,-3.798181818,656
40.58363636,-3.798181818,682
40.59090909,-3.798181818,682
40.59818182,-3.798181818,682
40.60545455,-3.798181818,723
40.61272727,-3.798181818,723
40.62,-3.798181818,723
40.62727273,-3.798181818,774
40.63454545,-3.798181818,774
40.64181818,-3.798181818,831
40.64909091,-3.798181818,831
40.65636364,-3.798181818,831
40.66363636,-3.798181818,889
40.67090909,-3.798181818,889
40.67818182,-3.798181818,889
40.68545455,-3.798181818,925
40.69272727,-3.798181818,925
40.7,-3.798181818,925
40.3,-3.790909091,666
40.30727273,-3.790909091,677
40.31454545,-3.790909091,677
40.32181818,-3.790909091,677
40.32909091,-3.790909091,685
40.33636364,-3.790909091,685
40.34363636,-3.790909091,687
40.35090909,-3.790909091,687
40.35818182,-3.790909091,687
40.36545455,-3.790909091,686
40.37272727,-3.790909091,686
40.38,-3.790909091,686
40.38727273,-3.790909091,685
40.39454545,-3.790909091,685
40.40181818,-3.790909091,685
40.40909091,-3.790909091,682
40.41636364,-3.790909091,682
40.42363636,-3.790909091,675
40.43090909,-3.790909091,675
40.43818182,-3.790909091,675
40.44545455,-3.790909091,661
40.45272727,-3.790909091,661
40.46,-3.790909091,661
40.46727273,-3.790909091,647
40.47454545,-3.790909091,647
40.48181818,-3.790909091,647
40.48909091,-3.790909091,640
40.49636364,-3.790909091,640
40.50363636,-3.790909091,641
40.51090909,-3.790909091,641
40.51818182,-3.790909091,641
40.52545455,-3.790909091,643
40.53272727,-3.790909091,643
40.54,-3.790909091,643
40.54727273,-3.790909091,645
40.55454545,-3.790909091,645
40.56181818,-3.790909091,656
40.56909091,-3.790909091,656
40.57636364,-3.790909091,656
40.58363636,-3.790909091,682
40.59090909,-3.790909091,682
40.59818182,-3.790909091,682
40.60545455,-3.790909091,723
40.61272727,-3.790909091,723
40.62,-3.790909091,723
40.62727273,-3.790909091,774
40.63454545,-3.790909091,774
40.64181818,-3.790909091,831
40.64909091,-3.790909091,831
40.65636364,-3.790909091,831
40.66363636,-3.790909091,889
40.67090909,-3.790909091,889
40.67818182,-3.790909091,889
40.68545455,-3.790909091,925
40.69272727,-3.790909091,925
40.7,-3.790909091,925
40.3,-3.783636364,666
40.30727273,-3.783636364,677
40.31454545,-3.783636364,677
40.32181818,-3.783636364,677
40.32909091,-3.783636364,685
40.33636364,-3.783636364,685
40.34363636,-3.783636364,687
40.35090909,-3.783636364,687
40.35818182,-3.783636364,687
40.36545455,-3.783636364,686
40.37272727,-3.783636364,686
40.38,-3.783636364,686
40.38727273,-3.783636364,685
40.39454545,-3.783636364,685
40.40181818,-3.783636364,685
40.40909091,-3.783636364,682
40.41636364,-3.783636364,682
40.42363636,-3.783636364,675
40.43090909,-3.783636364,675
40.43818182,-3.783636364,675
40.44545455,-3.783636364,661
40.45272727,-3.783636364,661
40.46,-3.783636364,661
40.46727273,-3.783636364,647
40.47454545,-3.783636364,647
40.48181818,-3.783636364,647
40.48909091,-3.783636364,640
40.49636364,-3.783636364,640
40.50363636,-3.783636364,641
40.51090909,-3.783636364,641
40.51818182,-3.783636364,641
40.52545455,-3.783636364,643
40.53272727,-3.783636364,643
40.54,-3.783636364,643
40.54727273,-3.783636364,645
40.55454545,-3.783636364,645
40.56181818,-3.783636364,656
40.56909091,-3.783636364,656
40.57636364,-3.783636364,656
40.58363636,-3.783636364,682
40.59090909,-3.783636364,682
40.59818182,-3.783636364,682
40.60545455,-3.783636364,723
40.61272727,-3.783636364,723
40.62,-3.783636364,723
40.62727273,-3.783636364,774
40.63454545,-3.783636364,774
40.64181818,-3.783636364,831
40.64909091,-3.783636364,831
40.65636364,-3.783636364,831
40.66363636,-3.783636364,889
40.67090909,-3.783636364,889
40.67818182,-3.783636364,889
40.68545455,-3.783636364,925
40.69272727,-3.783636364,925
40.7,-3.783636364,925
40.3,-3.776363636,654
40.30727273,-3.776363636,667
40.31454545,-3.776363636,667
40.32181818,-3.776363636,667
40.32909091,-3.776363636,669
40.33636364,-3.776363636,669
40.34363636,-3.776363636,667
40.35090909,-3.776363636,667
40.35818182,-3.776363636,667
40.36545455,-3.776363636,673
40.37272727,-3.776363636,673
40.38,-3.776363636,673
40.38727273,-3.776363636,671
40.39454545,-3.776363636,671
40.40181818,-3.776363636,671
40.40909091,-3.776363636,656
40.41636364,-3.776363636,656
40.42363636,-3.776363636,641
40.43090909,-3.776363636,641
40.43818182,-3.776363636,641
40.44545455,-3.776363636,629
40.45272727,-3.776363636,629
40.46,-3.776363636,629
40.46727273,-3.776363636,623
40.47454545,-3.776363636,623
40.48181818,-3.776363636,623
40.48909091,-3.776363636,632
40.49636364,-3.776363636,632
40.50363636,-3.776363636,647
40.51090909,-3.776363636,647
40.51818182,-3.776363636,647
40.52545455,-3.776363636,659
40.53272727,-3.776363636,659
40.54,-3.776363636,659
40.54727273,-3.776363636,665
40.55454545,-3.776363636,665
40.56181818,-3.776363636,673
40.56909091,-3.776363636,673
40.57636364,-3.776363636,673
40.58363636,-3.776363636,688
40.59090909,-3.776363636,688
40.59818182,-3.776363636,688
40.60545455,-3.776363636,720
40.61272727,-3.776363636,720
40.62,-3.776363636,720
40.62727273,-3.776363636,767
40.63454545,-3.776363636,767
40.64181818,-3.776363636,830
40.64909091,-3.776363636,830
40.65636364,-3.776363636,830
40.66363636,-3.776363636,905
40.67090909,-3.776363636,905
40.67818182,-3.776363636,905
40.68545455,-3.776363636,952
40.69272727,-3.776363636,952
40.7,-3.776363636,952
40.3,-3.769090909,654
40.30727273,-3.769090909,667
40.31454545,-3.769090909,667
40.32181818,-3.769090909,667
40.32909091,-3.769090909,669
40.33636364,-3.769090909,669
40.34363636,-3.769090909,667
40.35090909,-3.769090909,667
40.35818182,-3.769090909,667
40.36545455,-3.769090909,673
40.37272727,-3.769090909,673
40.38,-3.769090909,673
40.38727273,-3.769090909,671
40.39454545,-3.769090909,671
40.40181818,-3.769090909,671
40.40909091,-3.769090909,656
40.41636364,-3.769090909,656
40.42363636,-3.769090909,641
40.43090909,-3.769090909,641
40.43818182,-3.769090909,641
40.44545455,-3.769090909,629
40.45272727,-3.769090909,629
40.46,-3.769090909,629
40.46727273,-3.769090909,623
40.47454545,-3.769090909,623
40.48181818,-3.769090909,623
40.48909091,-3.769090909,632
40.49636364,-3.769090909,632
40.50363636,-3.769090909,647
40.51090909,-3.769090909,647
40.51818182,-3.769090909,647
40.52545455,-3.769090909,659
40.53272727,-3.769090909,659
40.54,-3.769090909,659
40.54727273,-3.769090909,665
40.55454545,-3.769090909,665
40.56181818,-3.769090909,673
40.56909091,-3.769090909,673
40.57636364,-3.769090909,673
40.58363636,-3.769090909,688
40.59090909,-3.769090909,688
40.59818182,-3.769090909,688
40.60545455,-3.769090909,720
40.61272727,-3.769090909,720
40.62,-3.769090909,720
40.62727273,-3.769090909,767
40.63454545,-3.769090909,767
40.64181818,-3.769090909,830
40.64909091,-3.769090909,830
40.65636364,-3.769090909,830
40.66363636,-3.769090909,905
40.67090909,-3.769090909,905
40.67818182,-3.769090909,905
40.68545455,-3.769090909,952
40.69272727,-3.769090909,952
40.7,-3.769090909,952
40.3,-3.761818182,654
40.30727273,-3.761818182,667
40.31454545,-3.761818182,667
40.32181818,-3.761818182,667
40.32909091,-3.761818182,669
40.33636364,-3.761818182,669
40.34363636,-3.761818182,667
40.35090909,-3.761818182,667
40.35818182,-3.761818182,667
40.36545455,-3.761818182,673
40.37272727,-3.761818182,673
40.38,-3.761818182,673
40.38727273,-3.761818182,671
40.39454545,-3.761818182,671
40.40181818,-3.761818182,671
40.40909091,-3.761818182,656
40.41636364,-3.761818182,656
40.42363636,-3.761818182,641
40.43090909,-3.761818182,641
40.43818182,-3.761818182,641
40.44545455,-3.761818182,629
40.45272727,-3.761818182,629
40.46,-3.761818182,629
40.46727273,-3.761818182,623
40.47454545,-3.761818182,623
40.48181818,-3.761818182,623
40.48909091,-3.761818182,632
40.49636364,-3.761818182,632
40.50363636,-3.761818182,647
40.51090909,-3.761818182,647
40.51818182,-3.761818182,647
40.52545455,-3.761818182,659
40.53272727,-3.761818182,659
40.54,-3.761818182,659
40.54727273,-3.761818182,665
40.55454545,-3.761818182,665
40.56181818,-3.761818182,673
40.56909091,-3.761818182,673
40.57636364,-3.761818182,673
40.58363636,-3.761818182,688
40.59090909,-3.761818182,688
40.59818182,-3.761818182,688
40.60545455,-3.761818182,720
40.61272727,-3.761818182,720
40.62,-3.761818182,720
40.62727273,-3.761818182,767
40.63454545,-3.761818182,767
40.64181818,-3.761818182,830
40.64909091,-3.761818182,830
40.65636364,-3.761818182,830
40.66363636,-3.761818182,905
40.67090909,-3.761818182,905
40.67818182,-3.761818182,905
40.68545455,-3.761818182,952
40.69272727,-3.761818182,952
40.7,-3.761818182,952
40.3,-3.754545455,641
40.30727273,-3.754545455,651
40.31454545,-3.754545455,651
40.32181818,-3.754545455,651
40.32909091,-3.754545455,647
40.33636364,-3.754545455,647
40.34363636,-3.754545455,642
40.35090909,-3.754545455,642
40.35818182,-3.754545455,642
40.36545455,-3.754545455,652
40.37272727,-3.754545455,652
40.38,-3.754545455,652
40.38727273,-3.754545455,651
40.39454545,-3.754545455,651
40.40181818,-3.754545455,651
40.40909091,-3.754545455,635
40.41636364,-3.754545455,635
40.42363636,-3.754545455,623
40.43090909,-3.754545455,623
40.43818182,-3.754545455,623
40.44545455,-3.754545455,619
40.45272727,-3.754545455,619
40.46,-3.754545455,619
40.46727273,-3.754545455,622
40.47454545,-3.754545455,622
40.48181818,-3.754545455,622
40.48909091,-3.754545455,644
40.49636364,-3.754545455,644
40.50363636,-3.754545455,673
40.51090909,-3.754545455,673
40.51818182,-3.754545455,673
40.52545455,-3.754545455,696
40.53272727,-3.754545455,696
40.54,-3.754545455,696
40.54727273,-3.754545455,703
40.55454545,-3.754545455,703
40.56181818,-3.754545455,697
40.56909091,-3.754545455,697
40.57636364,-3.754545455,697
40.58363636,-3.754545455,694
40.59090909,-3.754545455,694
40.59818182,-3.754545455,694
40.60545455,-3.754545455,713
40.61272727,-3.754545455,713
40.62,-3.754545455,713
40.62727273,-3.754545455,752
40.63454545,-3.754545455,752
40.64181818,-3.754545455,810
40.64909091,-3.754545455,810
40.65636364,-3.754545455,810
40.66363636,-3.754545455,886
40.67090909,-3.754545455,886
40.67818182,-3.754545455,886
40.68545455,-3.754545455,959
40.69272727,-3.754545455,959
40.7,-3.754545455,959
40.3,-3.747272727,641
40.30727273,-3.747272727,651
40.31454545,-3.747272727,651
40.32181818,-3.747272727,651
40.32909091,-3.747272727,647
40.33636364,-3.747272727,647
40.34363636,-3.747272727,642
40.35090909,-3.747272727,642
40.35818182,-3.747272727,642
40.36545455,-3.747272727,652
40.37272727,-3.747272727,652
40.38,-3.747272727,652
40.38727273,-3.747272727,651
40.39454545,-3.747272727,651
40.40181818,-3.747272727,651
40.40909091,-3.747272727,635
40.41636364,-3.747272727,635
40.42363636,-3.747272727,623
40.43090909,-3.747272727,623
40.43818182,-3.747272727,623
40.44545455,-3.747272727,619
40.45272727,-3.747272727,619
40.46,-3.747272727,619
40.46727273,-3.747272727,622
40.47454545,-3.747272727,622
40.48181818,-3.747272727,622
40.48909091,-3.747272727,644
40.49636364,-3.747272727,644
40.50363636,-3.747272727,673
40.51090909,-3.747272727,673
40.51818182,-3.747272727,673
40.52545455,-3.747272727,696
40.53272727,-3.747272727,696
40.54,-3.747272727,696
40.54727273,-3.747272727,703
40.55454545,-3.747272727,703
40.56181818,-3.747272727,697
40.56909091,-3.747272727,697
40.57636364,-3.747272727,697
40.58363636,-3.747272727,694
40.59090909,-3.747272727,694
40.59818182,-3.747272727,694
40.60545455,-3.747272727,713
40.61272727,-3.747272727,713
40.62,-3.747272727,713
40.62727273,-3.747272727,752
40.63454545,-3.747272727,752
40.64181818,-3.747272727,810
40.64909091,-3.747272727,810
40.65636364,-3.747272727,810
40.66363636,-3.747272727,886
40.67090909,-3.747272727,886
40.67818182,-3.747272727,886
40.68545455,-3.747272727,959
40.69272727,-3.747272727,959
40.7,-3.747272727,959
40.3,-3.74,641
40.30727273,-3.74,651
40.31454545,-3.74,651
40.32181818,-3.74,651
40.32909091,-3.74,647
40.33636364,-3.74,647
40.34363636,-3.74,642
40.35090909,-3.74,642
40.35818182,-3.74,642
40.36545455,-3.74,652
40.37272727,-3.74,652
40.38,-3.74,652
40.38727273,-3.74,651
40.39454545,-3.74,651
40.40181818,-3.74,651
40.40909091,-3.74,635
40.41636364,-3.74,635
40.42363636,-3.74,623
40.43090909,-3.74,623
40.43818182,-3.74,623
40.44545455,-3.74,619
40.45272727,-3.74,619
40.46,-3.74,619
40.46727273,-3.74,622
40.47454545,-3.74,622
40.48181818,-3.74,622
40.48909091,-3.74,644
40.49636364,-3.74,644
40.50363636,-3.74,673
40.51090909,-3.74,673
40.51818182,-3.74,673
40.52545455,-3.74,696
40.53272727,-3.74,696
40.54,-3.74,696
40.54727273,-3.74,703
40.55454545,-3.74,703
40.56181818,-3.74,697
40.56909091,-3.74,697
40.57636364,-3.74,697
40.58363636,-3.74,694
40.59090909,-3.74,694
40.59818182,-3.74,694
40.60545455,-3.74,713
40.61272727,-3.74,713
40.62,-3.74,713
40.62727273,-3.74,752
40.63454545,-3.74,752
40.64181818,-3.74,810
40.64909091,-3.74,810
40.65636364,-3.74,810
40.66363636,-3.74,886
40.67090909,-3.74,886
40.67818182,-3.74,886
40.68545455,-3.74,959
40.69272727,-3.74,959
40.7,-3.74,959
40.3,-3.732727273,624
40.30727273,-3.732727273,631
40.31454545,-3.732727273,631
40.32181818,-3.732727273,631
40.32909091,-3.732727273,628
40.33636364,-3.732727273,628
40.34363636,-3.732727273,621
40.35090909,-3.732727273,621
40.35818182,-3.732727273,621
40.36545455,-3.732727273,622
40.37272727,-3.732727273,622
40.38,-3.732727273,622
40.38727273,-3.732727273,622
40.39454545,-3.732727273,622
40.40181818,-3.732727273,622
40.40909091,-3.732727273,623
40.41636364,-3.732727273,623
40.42363636,-3.732727273,637
40.43090909,-3.732727273,637
40.43818182,-3.732727273,637
40.44545455,-3.732727273,651
40.45272727,-3.732727273,651
40.46,-3.732727273,651
40.46727273,-3.732727273,657
40.47454545,-3.732727273,657
40.48181818,-3.732727273,657
40.48909091,-3.732727273,669
40.49636364,-3.732727273,669
40.50363636,-3.732727273,693
40.51090909,-3.732727273,693
40.51818182,-3.732727273,693
40.52545455,-3.732727273,716
40.53272727,-3.732727273,716
40.54,-3.732727273,716
40.54727273,-3.732727273,727
40.55454545,-3.732727273,727
40.56181818,-3.732727273,721
40.56909091,-3.732727273,721
40.57636364,-3.732727273,721
40.58363636,-3.732727273,711
40.59090909,-3.732727273,711
40.59818182,-3.732727273,711
40.60545455,-3.732727273,716
40.61272727,-3.732727273,716
40.62,-3.732727273,716
40.62727273,-3.732727273,739
40.63454545,-3.732727273,739
40.64181818,-3.732727273,784
40.64909091,-3.732727273,784
40.65636364,-3.732727273,784
40.66363636,-3.732727273,855
40.67090909,-3.732727273,855
40.67818182,-3.732727273,855
40.68545455,-3.732727273,964
40.69272727,-3.732727273,964
40.7,-3.732727273,964
40.3,-3.725454545,624
40.30727273,-3.725454545,631
40.31454545,-3.725454545,631
40.32181818,-3.725454545,631
40.32909091,-3.725454545,628
40.33636364,-3.725454545,628
40.34363636,-3.725454545,621
40.35090909,-3.725454545,621
40.35818182,-3.725454545,621
40.36545455,-3.725454545,622
40.37272727,-3.725454545,622
40.38,-3.725454545,622
40.38727273,-3.725454545,622
40.39454545,-3.725454545,622
40.40181818,-3.725454545,622
40.40909091,-3.725454545,623
40.41636364,-3.725454545,623
40.42363636,-3.725454545,637
40.43090909,-3.725454545,637
40.43818182,-3.725454545,637
40.44545455,-3.725454545,651
40.45272727,-3.725454545,651
40.46,-3.725454545,651
40.46727273,-3.725454545,657
40.47454545,-3.725454545,657
40.48181818,-3.725454545,657
40.48909091,-3.725454545,669
40.49636364,-3.725454545,669
40.50363636,-3.725454545,693
40.51090909,-3.725454545,693
40.51818182,-3.725454545,693
40.52545455,-3.725454545,716
40.53272727,-3.725454545,716
40.54,-3.725454545,716
40.54727273,-3.725454545,727
40.55454545,-3.725454545,727
40.56181818,-3.725454545,721
40.56909091,-3.725454545,721
40.57636364,-3.725454545,721
40.58363636,-3.725454545,711
40.59090909,-3.725454545,711
40.59818182,-3.725454545,711
40.60545455,-3.725454545,716
40.61272727,-3.725454545,716
40.62,-3.725454545,716
40.62727273,-3.725454545,739
40.63454545,-3.725454545,739
40.64181818,-3.725454545,784
40.64909091,-3.725454545,784
40.65636364,-3.725454545,784
40.66363636,-3.725454545,855
40.67090909,-3.725454545,855
40.67818182,-3.725454545,855
40.68545455,-3.725454545,964
40.69272727,-3.725454545,964
40.7,-3.725454545,964
40.3,-3.718181818,610
40.30727273,-3.718181818,616
40.31454545,-3.718181818,616
40.32181818,-3.718181818,616
40.32909091,-3.718181818,613
40.33636364,-3.718181818,613
40.34363636,-3.718181818,602
40.35090909,-3.718181818,602
40.35818182,-3.718181818,602
40.36545455,-3.718181818,594
40.37272727,-3.718181818,594
40.38,-3.718181818,594
40.38727273,-3.718181818,602
40.39454545,-3.718181818,602
40.40181818,-3.718181818,602
40.40909091,-3.718181818,628
40.41636364,-3.718181818,628
40.42363636,-3.718181818,665
40.43090909,-3.718181818,665
40.43818182,-3.718181818,665
40.44545455,-3.718181818,692
40.45272727,-3.718181818,692
40.46,-3.718181818,692
40.46727273,-3.718181818,699
40.47454545,-3.718181818,699
40.48181818,-3.718181818,699
40.48909091,-3.718181818,698
40.49636364,-3.718181818,698
40.50363636,-3.718181818,706
40.51090909,-3.718181818,706
40.51818182,-3.718181818,706
40.52545455,-3.718181818,721
40.53272727,-3.718181818,721
40.54,-3.718181818,721
40.54727273,-3.718181818,733
40.55454545,-3.718181818,733
40.56181818,-3.718181818,731
40.56909091,-3.718181818,731
40.57636364,-3.718181818,731
40.58363636,-3.718181818,719
40.59090909,-3.718181818,719
40.59818182,-3.718181818,719
40.60545455,-3.718181818,714
40.61272727,-3.718181818,714
40.62,-3.718181818,714
40.62727273,-3.718181818,723
40.63454545,-3.718181818,723
40.64181818,-3.718181818,755
40.64909091,-3.718181818,755
40.65636364,-3.718181818,755
40.66363636,-3.718181818,820
40.67090909,-3.718181818,820
40.67818182,-3.718181818,820
40.68545455,-3.718181818,946
40.69272727,-3.718181818,946
40.7,-3.718181818,946
40.3,-3.710909091,610
40.30727273,-3.710909091,616
40.31454545,-3.710909091,616
40.32181818,-3.710909091,616
40.32909091,-3.710909091,613
40.33636364,-3.710909091,613
40.34363636,-3.710909091,602
40.35090909,-3.710909091,602
40.35818182,-3.710909091,602
40.36545455,-3.710909091,594
40.37272727,-3.710909091,594
40.38,-3.710909091,594
40.38727273,-3.710909091,602
40.39454545,-3.710909091,602
40.40181818,-3.710909091,602
40.40909091,-3.710909091,628
40.41636364,-3.710909091,628
40.42363636,-3.710909091,665
40.43090909,-3.710909091,665
40.43818182,-3.710909091,665
40.44545455,-3.710909091,692
40.45272727,-3.710909091,692
40.46,-3.710909091,692
40.46727273,-3.710909091,699
40.47454545,-3.710909091,699
40.48181818,-3.710909091,699
40.48909091,-3.710909091,698
40.49636364,-3.710909091,698
40.50363636,-3.710909091,706
40.51090909,-3.710909091,706
40.51818182,-3.710909091,706
40.52545455,-3.710909091,721
40.53272727,-3.710909091,721
40.54,-3.710909091,721
40.54727273,-3.710909091,733
40.55454545,-3.710909091,733
40.56181818,-3.710909091,731
40.56909091,-3.710909091,731
40.57636364,-3.710909091,731
40.58363636,-3.710909091,719
40.59090909,-3.710909091,719
40.59818182,-3.710909091,719
40.60545455,-3.710909091,714
40.61272727,-3.710909091,714
40.62,-3.710909091,714
40.62727273,-3.710909091,723
40.63454545,-3.710909091,723
40.64181818,-3.710909091,755
40.64909091,-3.710909091,755
40.65636364,-3.710909091,755
40.66363636,-3.710909091,820
40.67090909,-3.710909091,820
40.67818182,-3.710909091,820
40.68545455,-3.710909091,946
40.69272727,-3.710909091,946
40.7,-3.710909091,946
40.3,-3.703636364,610
40.30727273,-3.703636364,616
40.31454545,-3.703636364,616
40.32181818,-3.703636364,616
40.32909091,-3.703636364,613
40.33636364,-3.703636364,613
40.34363636,-3.703636364,602
40.35090909,-3.703636364,602
40.35818182,-3.703636364,602
40.36545455,-3.703636364,594
40.37272727,-3.703636364,594
40.38,-3.703636364,594
40.38727273,-3.703636364,602
40.39454545,-3.703636364,602
40.40181818,-3.703636364,602
40.40909091,-3.703636364,628
40.41636364,-3.703636364,628
40.42363636,-3.703636364,665
40.43090909,-3.703636364,665
40.43818182,-3.703636364,665
40.44545455,-3.703636364,692
40.45272727,-3.703636364,692
40.46,-3.703636364,692
40.46727273,-3.703636364,699
40.47454545,-3.703636364,699
40.48181818,-3.703636364,699
40.48909091,-3.703636364,698
40.49636364,-3.703636364,698
40.50363636,-3.703636364,706
40.51090909,-3.703636364,706
40.51818182,-3.703636364,706
40.52545455,-3.703636364,721
40.53272727,-3.703636364,721
40.54,-3.703636364,721
40.54727273,-3.703636364,733
40.55454545,-3.703636364,733
40.56181818,-3.703636364,731
40.56909091,-3.703636364,731
40.57636364,-3.703636364,731
40.58363636,-3.703636364,719
40.59090909,-3.703636364,719
40.59818182,-3.703636364,719
40.60545455,-3.703636364,714
40.61272727,-3.703636364,714
40.62,-3.703636364,714
40.62727273,-3.703636364,723
40.63454545,-3.703636364,723
40.64181818,-3.703636364,755
40.64909091,-3.703636364,755
40.65636364,-3.703636364,755
40.66363636,-3.703636364,820
40.67090909,-3.703636364,820
40.67818182,-3.703636364,820
40.68545455,-3.703636364,946
40.69272727,-3.703636364,946
40.7,-3.703636364,946
40.3,-3.696363636,599
40.30727273,-3.696363636,603
40.31454545,-3.696363636,603
40.32181818,-3.696363636,603
40.32909091,-3.696363636,599
40.33636364,-3.696363636,599
40.34363636,-3.696363636,589
40.35090909,-3.696363636,589
40.35818182,-3.696363636,589
40.36545455,-3.696363636,584
40.37272727,-3.696363636,584
40.38,-3.696363636,584
40.38727273,-3.696363636,604
40.39454545,-3.696363636,604
40.40181818,-3.696363636,604
40.40909091,-3.696363636,644
40.41636364,-3.696363636,644
40.42363636,-3.696363636,686
40.43090909,-3.696363636,686
40.43818182,-3.696363636,686
40.44545455,-3.696363636,715
40.45272727,-3.696363636,715
40.46,-3.696363636,715
40.46727273,-3.696363636,724
40.47454545,-3.696363636,724
40.48181818,-3.696363636,724
40.48909091,-3.696363636,716
40.49636364,-3.696363636,716
40.50363636,-3.696363636,710
40.51090909,-3.696363636,710
40.51818182,-3.696363636,710
40.52545455,-3.696363636,716
40.53272727,-3.696363636,716
40.54,-3.696363636,716
40.54727273,-3.696363636,724
40.55454545,-3.696363636,724
40.56181818,-3.696363636,723
40.56909091,-3.696363636,723
40.57636364,-3.696363636,723
40.58363636,-3.696363636,710
40.59090909,-3.696363636,710
40.59818182,-3.696363636,710
40.60545455,-3.696363636,703
40.61272727,-3.696363636,703
40.62,-3.696363636,703
40.62727273,-3.696363636,705
40.63454545,-3.696363636,705
40.64181818,-3.696363636,728
40.64909091,-3.696363636,728
40.65636364,-3.696363636,728
40.66363636,-3.696363636,784
40.67090909,-3.696363636,784
40.67818182,-3.696363636,784
40.68545455,-3.696363636,899
40.69272727,-3.696363636,899
40.7,-3.696363636,899
40.3,-3.689090909,599
40.30727273,-3.689090909,603
40.31454545,-3.689090909,603
40.32181818,-3.689090909,603
40.32909091,-3.689090909,599
40.33636364,-3.689090909,599
40.34363636,-3.689090909,589
40.35090909,-3.689090909,589
40.35818182,-3.689090909,589
40.36545455,-3.689090909,584
40.37272727,-3.689090909,584
40.38,-3.689090909,584
40.38727273,-3.689090909,604
40.39454545,-3.689090909,604
40.40181818,-3.689090909,604
40.40909091,-3.689090909,644
40.41636364,-3.689090909,644
40.42363636,-3.689090909,686
40.43090909,-3.689090909,686
40.43818182,-3.689090909,686
40.44545455,-3.689090909,715
40.45272727,-3.689090909,715
40.46,-3.689090909,715
40.46727273,-3.689090909,724
40.47454545,-3.689090909,724
40.48181818,-3.689090909,724
40.48909091,-3.689090909,716
40.49636364,-3.689090909,716
40.50363636,-3.689090909,710
40.51090909,-3.689090909,710
40.51818182,-3.689090909,710
40.52545455,-3.689090909,716
40.53272727,-3.689090909,716
40.54,-3.689090909,716
40.54727273,-3.689090909,724
40.55454545,-3.689090909,724
40.56181818,-3.689090909,723
40.56909091,-3.689090909,723
40.57636364,-3.689090909,723
40.58363636,-3.689090909,710
40.59090909,-3.689090909,710
40.59818182,-3.689090909,710
40.60545455,-3.689090909,703
40.61272727,-3.689090909,703
40.62,-3.689090909,703
40.62727273,-3.689090909,705
40.63454545,-3.689090909,705
40.64181818,-3.689090909,728
40.64909091,-3.689090909,728
40.65636364,-3.689090909,728
40.66363636,-3.689090909,784
40.67090909,-3.689090909,784
40.67818182,-3.689090909,784
40.68545455,-3.689090909,899
40.69272727,-3.689090909,899
40.7,-3.689090909,899
40.3,-3.681818182,599
40.30727273,-3.681818182,603
40.31454545,-3.681818182,603
40.32181818,-3.681818182,603
40.32909091,-3.681818182,599
40.33636364,-3.681818182,599
40.34363636,-3.681818182,589
40.35090909,-3.681818182,589
40.35818182,-3.681818182,589
40.36545455,-3.681818182,584
40.37272727,-3.681818182,584
40.38,-3.681818182,584
40.38727273,-3.681818182,604
40.39454545,-3.681818182,604
40.40181818,-3.681818182,604
40.40909091,-3.681818182,644
40.41636364,-3.681818182,644
40.42363636,-3.681818182,686
40.43090909,-3.681818182,686
40.43818182,-3.681818182,686
40.44545455,-3.681818182,715
40.45272727,-3.681818182,715
40.46,-3.681818182,715
40.46727273,-3.681818182,724
40.47454545,-3.681818182,724
40.48181818,-3.681818182,724
40.48909091,-3.681818182,716
40.49636364,-3.681818182,716
40.50363636,-3.681818182,710
40.51090909,-3.681818182,710
40.51818182,-3.681818182,710
40.52545455,-3.681818182,716
40.53272727,-3.681818182,716
40.54,-3.681818182,716
40.54727273,-3.681818182,724
40.55454545,-3.681818182,724
40.56181818,-3.681818182,723
40.56909091,-3.681818182,723
40.57636364,-3.681818182,723
40.58363636,-3.681818182,710
40.59090909,-3.681818182,710
40.59818182,-3.681818182,710
40.60545455,-3.681818182,703
40.61272727,-3.681818182,703
40.62,-3.681818182,703
40.62727273,-3.681818182,705
40.63454545,-3.681818182,705
40.64181818,-3.681818182,728
40.64909091,-3.681818182,728
40.65636364,-3.681818182,728
40.66363636,-3.681818182,784
40.67090909,-3.681818182,784
40.67818182,-3.681818182,784
40.68545455,-3.681818182,899
40.69272727,-3.681818182,899
40.7,-3.681818182,899
40.3,-3.674545455,589
40.30727273,-3.674545455,586
40.31454545,-3.674545455,586
40.32181818,-3.674545455,586
40.32909091,-3.674545455,584
40.33636364,-3.674545455,584
40.34363636,-3.674545455,586
40.35090909,-3.674545455,586
40.35818182,-3.674545455,586
40.36545455,-3.674545455,599
40.37272727,-3.674545455,599
40.38,-3.674545455,599
40.38727273,-3.674545455,625
40.39454545,-3.674545455,625
40.40181818,-3.674545455,625
40.40909091,-3.674545455,659
40.41636364,-3.674545455,659
40.42363636,-3.674545455,692
40.43090909,-3.674545455,692
40.43818182,-3.674545455,692
40.44545455,-3.674545455,715
40.45272727,-3.674545455,715
40.46,-3.674545455,715
40.46727273,-3.674545455,724
40.47454545,-3.674545455,724
40.48181818,-3.674545455,724
40.48909091,-3.674545455,714
40.49636364,-3.674545455,714
40.50363636,-3.674545455,703
40.51090909,-3.674545455,703
40.51818182,-3.674545455,703
40.52545455,-3.674545455,704
40.53272727,-3.674545455,704
40.54,-3.674545455,704
40.54727273,-3.674545455,710
40.55454545,-3.674545455,710
40.56181818,-3.674545455,704
40.56909091,-3.674545455,704
40.57636364,-3.674545455,704
40.58363636,-3.674545455,691
40.59090909,-3.674545455,691
40.59818182,-3.674545455,691
40.60545455,-3.674545455,687
40.61272727,-3.674545455,687
40.62,-3.674545455,687
40.62727273,-3.674545455,690
40.63454545,-3.674545455,690
40.64181818,-3.674545455,707
40.64909091,-3.674545455,707
40.65636364,-3.674545455,707
40.66363636,-3.674545455,749
40.67090909,-3.674545455,749
40.67818182,-3.674545455,749
40.68545455,-3.674545455,839
40.69272727,-3.674545455,839
40.7,-3.674545455,839
40.3,-3.667272727,589
40.30727273,-3.667272727,586
40.31454545,-3.667272727,586
40.32181818,-3.667272727,586
40.32909091,-3.667272727,584
40.33636364,-3.667272727,584
40.34363636,-3.667272727,586
40.35090909,-3.667272727,586
40.35818182,-3.667272727,586
40.36545455,-3.667272727,599
40.37272727,-3.667272727,599
40.38,-3.667272727,599
40.38727273,-3.667272727,625
40.39454545,-3.667272727,625
40.40181818,-3.667272727,625
40.40909091,-3.667272727,659
40.41636364,-3.667272727,659
40.42363636,-3.667272727,692
40.43090909,-3.667272727,692
40.43818182,-3.667272727,692
40.44545455,-3.667272727,715
40.45272727,-3.667272727,715
40.46,-3.667272727,715
40.46727273,-3.667272727,724
40.47454545,-3.667272727,724
40.48181818,-3.667272727,724
40.48909091,-3.667272727,714
40.49636364,-3.667272727,714
40.50363636,-3.667272727,703
40.51090909,-3.667272727,703
40.51818182,-3.667272727,703
40.52545455,-3.667272727,704
40.53272727,-3.667272727,704
40.54,-3.667272727,704
40.54727273,-3.667272727,710
40.55454545,-3.667272727,710
40.56181818,-3.667272727,704
40.56909091,-3.667272727,704
40.57636364,-3.667272727,704
40.58363636,-3.667272727,691
40.59090909,-3.667272727,691
40.59818182,-3.667272727,691
40.60545455,-3.667272727,687
40.61272727,-3.667272727,687
40.62,-3.667272727,687
40.62727273,-3.667272727,690
40.63454545,-3.667272727,690
40.64181818,-3.667272727,707
40.64909091,-3.667272727,707
40.65636364,-3.667272727,707
40.66363636,-3.667272727,749
40.67090909,-3.667272727,749
40.67818182,-3.667272727,749
40.68545455,-3.667272727,839
40.69272727,-3.667272727,839
40.7,-3.667272727,839
40.3,-3.66,580
40.30727273,-3.66,569
40.31454545,-3.66,569
40.32181818,-3.66,569
40.32909091,-3.66,573
40.33636364,-3.66,573
40.34363636,-3.66,594
40.35090909,-3.66,594
40.35818182,-3.66,594
40.36545455,-3.66,626
40.37272727,-3.66,626
40.38,-3.66,626
40.38727273,-3.66,653
40.39454545,-3.66,653
40.40181818,-3.66,653
40.40909091,-3.66,672
40.41636364,-3.66,672
40.42363636,-3.66,689
40.43090909,-3.66,689
40.43818182,-3.66,689
40.44545455,-3.66,702
40.45272727,-3.66,702
40.46,-3.66,702
40.46727273,-3.66,706
40.47454545,-3.66,706
40.48181818,-3.66,706
40.48909091,-3.66,697
40.49636364,-3.66,697
40.50363636,-3.66,688
40.51090909,-3.66,688
40.51818182,-3.66,688
40.52545455,-3.66,690
40.53272727,-3.66,690
40.54,-3.66,690
40.54727273,-3.66,693
40.55454545,-3.66,693
40.56181818,-3.66,684
40.56909091,-3.66,684
40.57636364,-3.66,684
40.58363636,-3.66,675
40.59090909,-3.66,675
40.59818182,-3.66,675
40.60545455,-3.66,677
40.61272727,-3.66,677
40.62,-3.66,677
40.62727273,-3.66,680
40.63454545,-3.66,680
40.64181818,-3.66,687
40.64909091,-3.66,687
40.65636364,-3.66,687
40.66363636,-3.66,709
40.67090909,-3.66,709
40.67818182,-3.66,709
40.68545455,-3.66,775
40.69272727,-3.66,775
40.7,-3.66,775
40.3,-3.652727273,580
40.30727273,-3.652727273,569
40.31454545,-3.652727273,569
40.32181818,-3.652727273,569
40.32909091,-3.652727273,573
40.33636364,-3.652727273,573
40.34363636,-3.652727273,594
40.35090909,-3.652727273,594
40.35818182,-3.652727273,594
40.36545455,-3.652727273,626
40.37272727,-3.652727273,626
40.38,-3.652727273,626
40.38727273,-3.652727273,653
40.39454545,-3.652727273,653
40.40181818,-3.652727273,653
40.40909091,-3.652727273,672
40.41636364,-3.652727273,672
40.42363636,-3.652727273,689
40.43090909,-3.652727273,689
40.43818182,-3.652727273,689
40.44545455,-3.652727273,702
40.45272727,-3.652727273,702
40.46,-3.652727273,702
40.46727273,-3.652727273,706
40.47454545,-3.652727273,706
40.48181818,-3.652727273,706
40.48909091,-3.652727273,697
40.49636364,-3.652727273,697
40.50363636,-3.652727273,688
40.51090909,-3.652727273,688
40.51818182,-3.652727273,688
40.52545455,-3.652727273,690
40.53272727,-3.652727273,690
40.54,-3.652727273,690
40.54727273,-3.652727273,693
40.55454545,-3.652727273,693
40.56181818,-3.652727273,684
40.56909091,-3.652727273,684
40.57636364,-3.652727273,684
40.58363636,-3.652727273,675
40.59090909,-3.652727273,675
40.59818182,-3.652727273,675
40.60545455,-3.652727273,677
40.61272727,-3.652727273,677
40.62,-3.652727273,677
40.62727273,-3.652727273,680
40.63454545,-3.652727273,680
40.64181818,-3.652727273,687
40.64909091,-3.652727273,687
40.65636364,-3.652727273,687
40.66363636,-3.652727273,709
40.67090909,-3.652727273,709
40.67818182,-3.652727273,709
40.68545455,-3.652727273,775
40.69272727,-3.652727273,775
40.7,-3.652727273,775
40.3,-3.645454545,580
40.30727273,-3.645454545,569
40.31454545,-3.645454545,569
40.32181818,-3.645454545,569
40.32909091,-3.645454545,573
40.33636364,-3.645454545,573
40.34363636,-3.645454545,594
40.35090909,-3.645454545,594
40.35818182,-3.645454545,594
40.36545455,-3.645454545,626
40.37272727,-3.645454545,626
40.38,-3.645454545,626
40.38727273,-3.645454545,653
40.39454545,-3.645454545,653
40.40181818,-3.645454545,653
40.40909091,-3.645454545,672
40.41636364,-3.645454545,672
40.42363636,-3.645454545,689
40.43090909,-3.645454545,689
40.43818182,-3.645454545,689
40.44545455,-3.645454545,702
40.45272727,-3.645454545,702
40.46,-3.645454545,702
40.46727273,-3.645454545,706
40.47454545,-3.645454545,706
40.48181818,-3.645454545,706
40.48909091,-3.645454545,697
40.49636364,-3.645454545,697
40.50363636,-3.645454545,688
40.51090909,-3.645454545,688
40.51818182,-3.645454545,688
40.52545455,-3.645454545,690
40.53272727,-3.645454545,690
40.54,-3.645454545,690
40.54727273,-3.645454545,693
40.55454545,-3.645454545,693
40.56181818,-3.645454545,684
40.56909091,-3.645454545,684
40.57636364,-3.645454545,684
40.58363636,-3.645454545,675
40.59090909,-3.645454545,675
40.59818182,-3.645454545,675
40.60545455,-3.645454545,677
40.61272727,-3.645454545,677
40.62,-3.645454545,677
40.62727273,-3.645454545,680
40.63454545,-3.645454545,680
40.64181818,-3.645454545,687
40.64909091,-3.645454545,687
40.65636364,-3.645454545,687
40.66363636,-3.645454545,709
40.67090909,-3.645454545,709
40.67818182,-3.645454545,709
40.68545455,-3.645454545,775
40.69272727,-3.645454545,775
40.7,-3.645454545,775
40.3,-3.638181818,576
40.30727273,-3.638181818,563
40.31454545,-3.638181818,563
40.32181818,-3.638181818,563
40.32909091,-3.638181818,577
40.33636364,-3.638181818,577
40.34363636,-3.638181818,609
40.35090909,-3.638181818,609
40.35818182,-3.638181818,609
40.36545455,-3.638181818,643
40.37272727,-3.638181818,643
40.38,-3.638181818,643
40.38727273,-3.638181818,669
40.39454545,-3.638181818,669
40.40181818,-3.638181818,669
40.40909091,-3.638181818,685
40.41636364,-3.638181818,685
40.42363636,-3.638181818,687
40.43090909,-3.638181818,687
40.43818182,-3.638181818,687
40.44545455,-3.638181818,683
40.45272727,-3.638181818,683
40.46,-3.638181818,683
40.46727273,-3.638181818,680
40.47454545,-3.638181818,680
40.48181818,-3.638181818,680
40.48909091,-3.638181818,676
40.49636364,-3.638181818,676
40.50363636,-3.638181818,672
40.51090909,-3.638181818,672
40.51818182,-3.638181818,672
40.52545455,-3.638181818,673
40.53272727,-3.638181818,673
40.54,-3.638181818,673
40.54727273,-3.638181818,673
40.55454545,-3.638181818,673
40.56181818,-3.638181818,665
40.56909091,-3.638181818,665
40.57636364,-3.638181818,665
40.58363636,-3.638181818,666
40.59090909,-3.638181818,666
40.59818182,-3.638181818,666
40.60545455,-3.638181818,676
40.61272727,-3.638181818,676
40.62,-3.638181818,676
40.62727273,-3.638181818,675
40.63454545,-3.638181818,675
40.64181818,-3.638181818,665
40.64909091,-3.638181818,665
40.65636364,-3.638181818,665
40.66363636,-3.638181818,665
40.67090909,-3.638181818,665
40.67818182,-3.638181818,665
40.68545455,-3.638181818,717
40.69272727,-3.638181818,717
40.7,-3.638181818,717
40.3,-3.630909091,576
40.30727273,-3.630909091,563
40.31454545,-3.630909091,563
40.32181818,-3.630909091,563
40.32909091,-3.630909091,577
40.33636364,-3.630909091,577
40.34363636,-3.630909091,609
40.35090909,-3.630909091,609
40.35818182,-3.630909091,609
40.36545455,-3.630909091,643
40.37272727,-3.630909091,643
40.38,-3.630909091,643
40.38727273,-3.630909091,669
40.39454545,-3.630909091,669
40.40181818,-3.630909091,669
40.40909091,-3.630909091,685
40.41636364,-3.630909091,685
40.42363636,-3.630909091,687
40.43090909,-3.630909091,687
40.43818182,-3.630909091,687
40.44545455,-3.630909091,683
40.45272727,-3.630909091,683
40.46,-3.630909091,683
40.46727273,-3.630909091,680
40.47454545,-3.630909091,680
40.48181818,-3.630909091,680
40.48909091,-3.630909091,676
40.49636364,-3.630909091,676
40.50363636,-3.630909091,672
40.51090909,-3.630909091,672
40.51818182,-3.630909091,672
40.52545455,-3.630909091,673
40.53272727,-3.630909091,673
40.54,-3.630909091,673
40.54727273,-3.630909091,673
40.55454545,-3.630909091,673
40.56181818,-3.630909091,665
40.56909091,-3.630909091,665
40.57636364,-3.630909091,665
40.58363636,-3.630909091,666
40.59090909,-3.630909091,666
40.59818182,-3.630909091,666
40.60545455,-3.630909091,676
40.61272727,-3.630909091,676
40.62,-3.630909091,676
40.62727273,-3.630909091,675
40.63454545,-3.630909091,675
40.64181818,-3.630909091,665
40.64909091,-3.630909091,665
40.65636364,-3.630909091,665
40.66363636,-3.630909091,665
40.67090909,-3.630909091,665
40.67818182,-3.630909091,665
40.68545455,-3.630909091,717
40.69272727,-3.630909091,717
40.7,-3.630909091,717
40.3,-3.623636364,576
40.30727273,-3.623636364,563
40.31454545,-3.623636364,563
40.32181818,-3.623636364,563
40.32909091,-3.623636364,577
40.33636364,-3.623636364,577
40.34363636,-3.623636364,609
40.35090909,-3.623636364,609
40.35818182,-3.623636364,609
40.36545455,-3.623636364,643
40.37272727,-3.623636364,643
40.38,-3.623636364,643
40.38727273,-3.623636364,669
40.39454545,-3.623636364,669
40.40181818,-3.623636364,669
40.40909091,-3.623636364,685
40.41636364,-3.623636364,685
40.42363636,-3.623636364,687
40.43090909,-3.623636364,687
40.43818182,-3.623636364,687
40.44545455,-3.623636364,683
40.45272727,-3.623636364,683
40.46,-3.623636364,683
40.46727273,-3.623636364,680
40.47454545,-3.623636364,680
40.48181818,-3.623636364,680
40.48909091,-3.623636364,676
40.49636364,-3.623636364,676
40.50363636,-3.623636364,672
40.51090909,-3.623636364,672
40.51818182,-3.623636364,672
40.52545455,-3.623636364,673
40.53272727,-3.623636364,673
40.54,-3.623636364,673
40.54727273,-3.623636364,673
40.55454545,-3.623636364,673
40.56181818,-3.623636364,665
40.56909091,-3.623636364,665
40.57636364,-3.623636364,665
40.58363636,-3.623636364,666
40.59090909,-3.623636364,666
40.59818182,-3.623636364,666
40.60545455,-3.623636364,676
40.61272727,-3.623636364,676
40.62,-3.623636364,676
40.62727273,-3.623636364,675
40.63454545,-3.623636364,675
40.64181818,-3.623636364,665
40.64909091,-3.623636364,665
40.65636364,-3.623636364,665
40.66363636,-3.623636364,665
40.67090909,-3.623636364,665
40.67818182,-3.623636364,665
40.68545455,-3.623636364,717
40.69272727,-3.623636364,717
40.7,-3.623636364,717
40.3,-3.616363636,587
40.30727273,-3.616363636,571
40.31454545,-3.616363636,571
40.32181818,-3.616363636,571
40.32909091,-3.616363636,589
40.33636364,-3.616363636,589
40.34363636,-3.616363636,624
40.35090909,-3.616363636,624
40.35818182,-3.616363636,624
40.36545455,-3.616363636,644
40.37272727,-3.616363636,644
40.38,-3.616363636,644
40.38727273,-3.616363636,663
40.39454545,-3.616363636,663
40.40181818,-3.616363636,663
40.40909091,-3.616363636,682
40.41636364,-3.616363636,682
40.42363636,-3.616363636,678
40.43090909,-3.616363636,678
40.43818182,-3.616363636,678
40.44545455,-3.616363636,662
40.45272727,-3.616363636,662
40.46,-3.616363636,662
40.46727273,-3.616363636,654
40.47454545,-3.616363636,654
40.48181818,-3.616363636,654
40.48909091,-3.616363636,653
40.49636364,-3.616363636,653
40.50363636,-3.616363636,651
40.51090909,-3.616363636,651
40.51818182,-3.616363636,651
40.52545455,-3.616363636,650
40.53272727,-3.616363636,650
40.54,-3.616363636,650
40.54727273,-3.616363636,647
40.55454545,-3.616363636,647
40.56181818,-3.616363636,643
40.56909091,-3.616363636,643
40.57636364,-3.616363636,643
40.58363636,-3.616363636,651
40.59090909,-3.616363636,651
40.59818182,-3.616363636,651
40.60545455,-3.616363636,665
40.61272727,-3.616363636,665
40.62,-3.616363636,665
40.62727273,-3.616363636,663
40.63454545,-3.616363636,663
40.64181818,-3.616363636,648
40.64909091,-3.616363636,648
40.65636364,-3.616363636,648
40.66363636,-3.616363636,645
40.67090909,-3.616363636,645
40.67818182,-3.616363636,645
40.68545455,-3.616363636,688
40.69272727,-3.616363636,688
40.7,-3.616363636,688
40.3,-3.609090909,587
40.30727273,-3.609090909,571
40.31454545,-3.609090909,571
40.32181818,-3.609090909,571
40.32909091,-3.609090909,589
40.33636364,-3.609090909,589
40.34363636,-3.609090909,624
40.35090909,-3.609090909,624
40.35818182,-3.609090909,624
40.36545455,-3.609090909,644
40.37272727,-3.609090909,644
40.38,-3.609090909,644
40.38727273,-3.609090909,663
40.39454545,-3.609090909,663
40.40181818,-3.609090909,663
40.40909091,-3.609090909,682
40.41636364,-3.609090909,682
40.42363636,-3.609090909,678
40.43090909,-3.609090909,678
40.43818182,-3.609090909,678
40.44545455,-3.609090909,662
40.45272727,-3.609090909,662
40.46,-3.609090909,662
40.46727273,-3.609090909,654
40.47454545,-3.609090909,654
40.48181818,-3.609090909,654
40.48909091,-3.609090909,653
40.49636364,-3.609090909,653
40.50363636,-3.609090909,651
40.51090909,-3.609090909,651
40.51818182,-3.609090909,651
40.52545455,-3.609090909,650
40.53272727,-3.609090909,650
40.54,-3.609090909,650
40.54727273,-3.609090909,647
40.55454545,-3.609090909,647
40.56181818,-3.609090909,643
40.56909091,-3.609090909,643
40.57636364,-3.609090909,643
40.58363636,-3.609090909,651
40.59090909,-3.609090909,651
40.59818182,-3.609090909,651
40.60545455,-3.609090909,665
40.61272727,-3.609090909,665
40.62,-3.609090909,665
40.62727273,-3.609090909,663
40.63454545,-3.609090909,663
40.64181818,-3.609090909,648
40.64909091,-3.609090909,648
40.65636364,-3.609090909,648
40.66363636,-3.609090909,645
40.67090909,-3.609090909,645
40.67818182,-3.609090909,645
40.68545455,-3.609090909,688
40.69272727,-3.609090909,688
40.7,-3.609090909,688
40.3,-3.601818182,587
40.30727273,-3.601818182,571
40.31454545,-3.601818182,571
40.32181818,-3.601818182,571
40.32909091,-3.601818182,589
40.33636364,-3.601818182,589
40.34363636,-3.601818182,624
40.35090909,-3.601818182,624
40.35818182,-3.601818182,624
40.36545455,-3.601818182,644
40.37272727,-3.601818182,644
40.38,-3.601818182,644
40.38727273,-3.601818182,663
40.39454545,-3.601818182,663
40.40181818,-3.601818182,663
40.40909091,-3.601818182,682
40.41636364,-3.601818182,682
40.42363636,-3.601818182,678
40.43090909,-3.601818182,678
40.43818182,-3.601818182,678
40.44545455,-3.601818182,662
40.45272727,-3.601818182,662
40.46,-3.601818182,662
40.46727273,-3.601818182,654
40.47454545,-3.601818182,654
40.48181818,-3.601818182,654
40.48909091,-3.601818182,653
40.49636364,-3.601818182,653
40.50363636,-3.601818182,651
40.51090909,-3.601818182,651
40.51818182,-3.601818182,651
40.52545455,-3.601818182,650
40.53272727,-3.601818182,650
40.54,-3.601818182,650
40.54727273,-3.601818182,647
40.55454545,-3.601818182,647
40.56181818,-3.601818182,643
40.56909091,-3.601818182,643
40.57636364,-3.601818182,643
40.58363636,-3.601818182,651
40.59090909,-3.601818182,651
40.59818182,-3.601818182,651
40.60545455,-3.601818182,665
40.61272727,-3.601818182,665
40.62,-3.601818182,665
40.62727273,-3.601818182,663
40.63454545,-3.601818182,663
40.64181818,-3.601818182,648
40.64909091,-3.601818182,648
40.65636364,-3.601818182,648
40.66363636,-3.601818182,645
40.67090909,-3.601818182,645
40.67818182,-3.601818182,645
40.68545455,-3.601818182,688
40.69272727,-3.601818182,688
40.7,-3.601818182,688
40.3,-3.594545455,608
40.30727273,-3.594545455,582
40.31454545,-3.594545455,582
40.32181818,-3.594545455,582
40.32909091,-3.594545455,597
40.33636364,-3.594545455,597
40.34363636,-3.594545455,631
40.35090909,-3.594545455,631
40.35818182,-3.594545455,631
40.36545455,-3.594545455,638
40.37272727,-3.594545455,638
40.38,-3.594545455,638
40.38727273,-3.594545455,643
40.39454545,-3.594545455,643
40.40181818,-3.594545455,643
40.40909091,-3.594545455,654
40.41636364,-3.594545455,654
40.42363636,-3.594545455,651
40.43090909,-3.594545455,651
40.43818182,-3.594545455,651
40.44545455,-3.594545455,637
40.45272727,-3.594545455,637
40.46,-3.594545455,637
40.46727273,-3.594545455,628
40.47454545,-3.594545455,628
40.48181818,-3.594545455,628
40.48909091,-3.594545455,624
40.49636364,-3.594545455,624
40.50363636,-3.594545455,623
40.51090909,-3.594545455,623
40.51818182,-3.594545455,623
40.52545455,-3.594545455,622
40.53272727,-3.594545455,622
40.54,-3.594545455,622
40.54727273,-3.594545455,619
40.55454545,-3.594545455,619
40.56181818,-3.594545455,618
40.56909091,-3.594545455,618
40.57636364,-3.594545455,618
40.58363636,-3.594545455,624
40.59090909,-3.594545455,624
40.59818182,-3.594545455,624
40.60545455,-3.594545455,632
40.61272727,-3.594545455,632
40.62,-3.594545455,632
40.62727273,-3.594545455,640
40.63454545,-3.594545455,640
40.64181818,-3.594545455,647
40.64909091,-3.594545455,647
40.65636364,-3.594545455,647
40.66363636,-3.594545455,662
40.67090909,-3.594545455,662
40.67818182,-3.594545455,662
40.68545455,-3.594545455,697
40.69272727,-3.594545455,697
40.7,-3.594545455,697
40.3,-3.587272727,608
40.30727273,-3.587272727,582
40.31454545,-3.587272727,582
40.32181818,-3.587272727,582
40.32909091,-3.587272727,597
40.33636364,-3.587272727,597
40.34363636,-3.587272727,631
40.35090909,-3.587272727,631
40.35818182,-3.587272727,631
40.36545455,-3.587272727,638
40.37272727,-3.587272727,638
40.38,-3.587272727,638
40.38727273,-3.587272727,643
40.39454545,-3.587272727,643
40.40181818,-3.587272727,643
40.40909091,-3.587272727,654
40.41636364,-3.587272727,654
40.42363636,-3.587272727,651
40.43090909,-3.587272727,651
40.43818182,-3.587272727,651
40.44545455,-3.587272727,637
40.45272727,-3.587272727,637
40.46,-3.587272727,637
40.46727273,-3.587272727,628
40.47454545,-3.587272727,628
40.48181818,-3.587272727,628
40.48909091,-3.587272727,624
40.49636364,-3.587272727,624
40.50363636,-3.587272727,623
40.51090909,-3.587272727,623
40.51818182,-3.587272727,623
40.52545455,-3.587272727,622
40.53272727,-3.587272727,622
40.54,-3.587272727,622
40.54727273,-3.587272727,619
40.55454545,-3.587272727,619
40.56181818,-3.587272727,618
40.56909091,-3.587272727,618
40.57636364,-3.587272727,618
40.58363636,-3.587272727,624
40.59090909,-3.587272727,624
40.59818182,-3.587272727,624
40.60545455,-3.587272727,632
40.61272727,-3.587272727,632
40.62,-3.587272727,632
40.62727273,-3.587272727,640
40.63454545,-3.587272727,640
40.64181818,-3.587272727,647
40.64909091,-3.587272727,647
40.65636364,-3.587272727,647
40.66363636,-3.587272727,662
40.67090909,-3.587272727,662
40.67818182,-3.587272727,662
40.68545455,-3.587272727,697
40.69272727,-3.587272727,697
40.7,-3.587272727,697
40.3,-3.58,604
40.30727273,-3.58,585
40.31454545,-3.58,585
40.32181818,-3.58,585
40.32909091,-3.58,589
40.33636364,-3.58,589
40.34363636,-3.58,613
40.35090909,-3.58,613
40.35818182,-3.58,613
40.36545455,-3.58,632
40.37272727,-3.58,632
40.38,-3.58,632
40.38727273,-3.58,642
40.39454545,-3.58,642
40.40181818,-3.58,642
40.40909091,-3.58,641
40.41636364,-3.58,641
40.42363636,-3.58,627
40.43090909,-3.58,627
40.43818182,-3.58,627
40.44545455,-3.58,608
40.45272727,-3.58,608
40.46,-3.58,608
40.46727273,-3.58,596
40.47454545,-3.58,596
40.48181818,-3.58,596
40.48909091,-3.58,592
40.49636364,-3.58,592
40.50363636,-3.58,591
40.51090909,-3.58,591
40.51818182,-3.58,591
40.52545455,-3.58,593
40.53272727,-3.58,593
40.54,-3.58,593
40.54727273,-3.58,595
40.55454545,-3.58,595
40.56181818,-3.58,600
40.56909091,-3.58,600
40.57636364,-3.58,600
40.58363636,-3.58,601
40.59090909,-3.58,601
40.59818182,-3.58,601
40.60545455,-3.58,604
40.61272727,-3.58,604
40.62,-3.58,604
40.62727273,-3.58,618
40.63454545,-3.58,618
40.64181818,-3.58,641
40.64909091,-3.58,641
40.65636364,-3.58,641
40.66363636,-3.58,665
40.67090909,-3.58,665
40.67818182,-3.58,665
40.68545455,-3.58,689
40.69272727,-3.58,689
40.7,-3.58,689
40.3,-3.572727273,604
40.30727273,-3.572727273,585
40.31454545,-3.572727273,585
40.32181818,-3.572727273,585
40.32909091,-3.572727273,589
40.33636364,-3.572727273,589
40.34363636,-3.572727273,613
40.35090909,-3.572727273,613
40.35818182,-3.572727273,613
40.36545455,-3.572727273,632
40.37272727,-3.572727273,632
40.38,-3.572727273,632
40.38727273,-3.572727273,642
40.39454545,-3.572727273,642
40.40181818,-3.572727273,642
40.40909091,-3.572727273,641
40.41636364,-3.572727273,641
40.42363636,-3.572727273,627
40.43090909,-3.572727273,627
40.43818182,-3.572727273,627
40.44545455,-3.572727273,608
40.45272727,-3.572727273,608
40.46,-3.572727273,608
40.46727273,-3.572727273,596
40.47454545,-3.572727273,596
40.48181818,-3.572727273,596
40.48909091,-3.572727273,592
40.49636364,-3.572727273,592
40.50363636,-3.572727273,591
40.51090909,-3.572727273,591
40.51818182,-3.572727273,591
40.52545455,-3.572727273,593
40.53272727,-3.572727273,593
40.54,-3.572727273,593
40.54727273,-3.572727273,595
40.55454545,-3.572727273,595
40.56181818,-3.572727273,600
40.56909091,-3.572727273,600
40.57636364,-3.572727273,600
40.58363636,-3.572727273,601
40.59090909,-3.572727273,601
40.59818182,-3.572727273,601
40.60545455,-3.572727273,604
40.61272727,-3.572727273,604
40.62,-3.572727273,604
40.62727273,-3.572727273,618
40.63454545,-3.572727273,618
40.64181818,-3.572727273,641
40.64909091,-3.572727273,641
40.65636364,-3.572727273,641
40.66363636,-3.572727273,665
40.67090909,-3.572727273,665
40.67818182,-3.572727273,665
40.68545455,-3.572727273,689
40.69272727,-3.572727273,689
40.7,-3.572727273,689
40.3,-3.565454545,604
40.30727273,-3.565454545,585
40.31454545,-3.565454545,585
40.32181818,-3.565454545,585
40.32909091,-3.565454545,589
40.33636364,-3.565454545,589
40.34363636,-3.565454545,613
40.35090909,-3.565454545,613
40.35818182,-3.565454545,613
40.36545455,-3.565454545,632
40.37272727,-3.565454545,632
40.38,-3.565454545,632
40.38727273,-3.565454545,642
40.39454545,-3.565454545,642
40.40181818,-3.565454545,642
40.40909091,-3.565454545,641
40.41636364,-3.565454545,641
40.42363636,-3.565454545,627
40.43090909,-3.565454545,627
40.43818182,-3.565454545,627
40.44545455,-3.565454545,608
40.45272727,-3.565454545,608
40.46,-3.565454545,608
40.46727273,-3.565454545,596
40.47454545,-3.565454545,596
40.48181818,-3.565454545,596
40.48909091,-3.565454545,592
40.49636364,-3.565454545,592
40.50363636,-3.565454545,591
40.51090909,-3.565454545,591
40.51818182,-3.565454545,591
40.52545455,-3.565454545,593
40.53272727,-3.565454545,593
40.54,-3.565454545,593
40.54727273,-3.565454545,595
40.55454545,-3.565454545,595
40.56181818,-3.565454545,600
40.56909091,-3.565454545,600
40.57636364,-3.565454545,600
40.58363636,-3.565454545,601
40.59090909,-3.565454545,601
40.59818182,-3.565454545,601
40.60545455,-3.565454545,604
40.61272727,-3.565454545,604
40.62,-3.565454545,604
40.62727273,-3.565454545,618
40.63454545,-3.565454545,618
40.64181818,-3.565454545,641
40.64909091,-3.565454545,641
40.65636364,-3.565454545,641
40.66363636,-3.565454545,665
40.67090909,-3.565454545,665
40.67818182,-3.565454545,665
40.68545455,-3.565454545,689
40.69272727,-3.565454545,689
40.7,-3.565454545,689
40.3,-3.558181818,568
40.30727273,-3.558181818,571
40.31454545,-3.558181818,571
40.32181818,-3.558181818,571
40.32909091,-3.558181818,576
40.33636364,-3.558181818,576
40.34363636,-3.558181818,596
40.35090909,-3.558181818,596
40.35818182,-3.558181818,596
40.36545455,-3.558181818,629
40.37272727,-3.558181818,629
40.38,-3.558181818,629
40.38727273,-3.558181818,646
40.39454545,-3.558181818,646
40.40181818,-3.558181818,646
40.40909091,-3.558181818,634
40.41636364,-3.558181818,634
40.42363636,-3.558181818,607
40.43090909,-3.558181818,607
40.43818182,-3.558181818,607
40.44545455,-3.558181818,583
40.45272727,-3.558181818,583
40.46,-3.558181818,583
40.46727273,-3.558181818,579
40.47454545,-3.558181818,579
40.48181818,-3.558181818,579
40.48909091,-3.558181818,590
40.49636364,-3.558181818,590
40.50363636,-3.558181818,598
40.51090909,-3.558181818,598
40.51818182,-3.558181818,598
40.52545455,-3.558181818,602
40.53272727,-3.558181818,602
40.54,-3.558181818,602
40.54727273,-3.558181818,605
40.55454545,-3.558181818,605
40.56181818,-3.558181818,608
40.56909091,-3.558181818,608
40.57636364,-3.558181818,608
40.58363636,-3.558181818,607
40.59090909,-3.558181818,607
40.59818182,-3.558181818,607
40.60545455,-3.558181818,605
40.61272727,-3.558181818,605
40.62,-3.558181818,605
40.62727273,-3.558181818,612
40.63454545,-3.558181818,612
40.64181818,-3.558181818,627
40.64909091,-3.558181818,627
40.65636364,-3.558181818,627
40.66363636,-3.558181818,642
40.67090909,-3.558181818,642
40.67818182,-3.558181818,642
40.68545455,-3.558181818,652
40.69272727,-3.558181818,652
40.7,-3.558181818,652
40.3,-3.550909091,568
40.30727273,-3.550909091,571
40.31454545,-3.550909091,571
40.32181818,-3.550909091,571
40.32909091,-3.550909091,576
40.33636364,-3.550909091,576
40.34363636,-3.550909091,596
40.35090909,-3.550909091,596
40.35818182,-3.550909091,596
40.36545455,-3.550909091,629
40.37272727,-3.550909091,629
40.38,-3.550909091,629
40.38727273,-3.550909091,646
40.39454545,-3.550909091,646
40.40181818,-3.550909091,646
40.40909091,-3.550909091,634
40.41636364,-3.550909091,634
40.42363636,-3.550909091,607
40.43090909,-3.550909091,607
40.43818182,-3.550909091,607
40.44545455,-3.550909091,583
40.45272727,-3.550909091,583
40.46,-3.550909091,583
40.46727273,-3.550909091,579
40.47454545,-3.550909091,579
40.48181818,-3.550909091,579
40.48909091,-3.550909091,590
40.49636364,-3.550909091,590
40.50363636,-3.550909091,598
40.51090909,-3.550909091,598
40.51818182,-3.550909091,598
40.52545455,-3.550909091,602
40.53272727,-3.550909091,602
40.54,-3.550909091,602
40.54727273,-3.550909091,605
40.55454545,-3.550909091,605
40.56181818,-3.550909091,608
40.56909091,-3.550909091,608
40.57636364,-3.550909091,608
40.58363636,-3.550909091,607
40.59090909,-3.550909091,607
40.59818182,-3.550909091,607
40.60545455,-3.550909091,605
40.61272727,-3.550909091,605
40.62,-3.550909091,605
40.62727273,-3.550909091,612
40.63454545,-3.550909091,612
40.64181818,-3.550909091,627
40.64909091,-3.550909091,627
40.65636364,-3.550909091,627
40.66363636,-3.550909091,642
40.67090909,-3.550909091,642
40.67818182,-3.550909091,642
40.68545455,-3.550909091,652
40.69272727,-3.550909091,652
40.7,-3.550909091,652
40.3,-3.543636364,568
40.30727273,-3.543636364,571
40.31454545,-3.543636364,571
40.32181818,-3.543636364,571
40.32909091,-3.543636364,576
40.33636364,-3.543636364,576
40.34363636,-3.543636364,596
40.35090909,-3.543636364,596
40.35818182,-3.543636364,596
40.36545455,-3.543636364,629
40.37272727,-3.543636364,629
40.38,-3.543636364,629
40.38727273,-3.543636364,646
40.39454545,-3.543636364,646
40.40181818,-3.543636364,646
40.40909091,-3.543636364,634
40.41636364,-3.543636364,634
40.42363636,-3.543636364,607
40.43090909,-3.543636364,607
40.43818182,-3.543636364,607
40.44545455,-3.543636364,583
40.45272727,-3.543636364,583
40.46,-3.543636364,583
40.46727273,-3.543636364,579
40.47454545,-3.543636364,579
40.48181818,-3.543636364,579
40.48909091,-3.543636364,590
40.49636364,-3.543636364,590
40.50363636,-3.543636364,598
40.51090909,-3.543636364,598
40.51818182,-3.543636364,598
40.52545455,-3.543636364,602
40.53272727,-3.543636364,602
40.54,-3.543636364,602
40.54727273,-3.543636364,605
40.55454545,-3.543636364,605
40.56181818,-3.543636364,608
40.56909091,-3.543636364,608
40.57636364,-3.543636364,608
40.58363636,-3.543636364,607
40.59090909,-3.543636364,607
40.59818182,-3.543636364,607
40.60545455,-3.543636364,605
40.61272727,-3.543636364,605
40.62,-3.543636364,605
40.62727273,-3.543636364,612
40.63454545,-3.543636364,612
40.64181818,-3.543636364,627
40.64909091,-3.543636364,627
40.65636364,-3.543636364,627
40.66363636,-3.543636364,642
40.67090909,-3.543636364,642
40.67818182,-3.543636364,642
40.68545455,-3.543636364,652
40.69272727,-3.543636364,652
40.7,-3.543636364,652
40.3,-3.536363636,539
40.30727273,-3.536363636,551
40.31454545,-3.536363636,551
40.32181818,-3.536363636,551
40.32909091,-3.536363636,579
40.33636364,-3.536363636,579
40.34363636,-3.536363636,608
40.35090909,-3.536363636,608
40.35818182,-3.536363636,608
40.36545455,-3.536363636,620
40.37272727,-3.536363636,620
40.38,-3.536363636,620
40.38727273,-3.536363636,614
40.39454545,-3.536363636,614
40.40181818,-3.536363636,614
40.40909091,-3.536363636,598
40.41636364,-3.536363636,598
40.42363636,-3.536363636,578
40.43090909,-3.536363636,578
40.43818182,-3.536363636,578
40.44545455,-3.536363636,572
40.45272727,-3.536363636,572
40.46,-3.536363636,572
40.46727273,-3.536363636,594
40.47454545,-3.536363636,594
40.48181818,-3.536363636,594
40.48909091,-3.536363636,631
40.49636364,-3.536363636,631
40.50363636,-3.536363636,656
40.51090909,-3.536363636,656
40.51818182,-3.536363636,656
40.52545455,-3.536363636,662
40.53272727,-3.536363636,662
40.54,-3.536363636,662
40.54727273,-3.536363636,655
40.55454545,-3.536363636,655
40.56181818,-3.536363636,645
40.56909091,-3.536363636,645
40.57636364,-3.536363636,645
40.58363636,-3.536363636,635
40.59090909,-3.536363636,635
40.59818182,-3.536363636,635
40.60545455,-3.536363636,627
40.61272727,-3.536363636,627
40.62,-3.536363636,627
40.62727273,-3.536363636,625
40.63454545,-3.536363636,625
40.64181818,-3.536363636,628
40.64909091,-3.536363636,628
40.65636364,-3.536363636,628
40.66363636,-3.536363636,634
40.67090909,-3.536363636,634
40.67818182,-3.536363636,634
40.68545455,-3.536363636,639
40.69272727,-3.536363636,639
40.7,-3.536363636,639
40.3,-3.529090909,539
40.30727273,-3.529090909,551
40.31454545,-3.529090909,551
40.32181818,-3.529090909,551
40.32909091,-3.529090909,579
40.33636364,-3.529090909,579
40.34363636,-3.529090909,608
40.35090909,-3.529090909,608
40.35818182,-3.529090909,608
40.36545455,-3.529090909,620
40.37272727,-3.529090909,620
40.38,-3.529090909,620
40.38727273,-3.529090909,614
40.39454545,-3.529090909,614
40.40181818,-3.529090909,614
40.40909091,-3.529090909,598
40.41636364,-3.529090909,598
40.42363636,-3.529090909,578
40.43090909,-3.529090909,578
40.43818182,-3.529090909,578
40.44545455,-3.529090909,572
40.45272727,-3.529090909,572
40.46,-3.529090909,572
40.46727273,-3.529090909,594
40.47454545,-3.529090909,594
40.48181818,-3.529090909,594
40.48909091,-3.529090909,631
40.49636364,-3.529090909,631
40.50363636,-3.529090909,656
40.51090909,-3.529090909,656
40.51818182,-3.529090909,656
40.52545455,-3.529090909,662
40.53272727,-3.529090909,662
40.54,-3.529090909,662
40.54727273,-3.529090909,655
40.55454545,-3.529090909,655
40.56181818,-3.529090909,645
40.56909091,-3.529090909,645
40.57636364,-3.529090909,645
40.58363636,-3.529090909,635
40.59090909,-3.529090909,635
40.59818182,-3.529090909,635
40.60545455,-3.529090909,627
40.61272727,-3.529090909,627
40.62,-3.529090909,627
40.62727273,-3.529090909,625
40.63454545,-3.529090909,625
40.64181818,-3.529090909,628
40.64909091,-3.529090909,628
40.65636364,-3.529090909,628
40.66363636,-3.529090909,634
40.67090909,-3.529090909,634
40.67818182,-3.529090909,634
40.68545455,-3.529090909,639
40.69272727,-3.529090909,639
40.7,-3.529090909,639
40.3,-3.521818182,539
40.30727273,-3.521818182,551
40.31454545,-3.521818182,551
40.32181818,-3.521818182,551
40.32909091,-3.521818182,579
40.33636364,-3.521818182,579
40.34363636,-3.521818182,608
40.35090909,-3.521818182,608
40.35818182,-3.521818182,608
40.36545455,-3.521818182,620
40.37272727,-3.521818182,620
40.38,-3.521818182,620
40.38727273,-3.521818182,614
40.39454545,-3.521818182,614
40.40181818,-3.521818182,614
40.40909091,-3.521818182,598
40.41636364,-3.521818182,598
40.42363636,-3.521818182,578
40.43090909,-3.521818182,578
40.43818182,-3.521818182,578
40.44545455,-3.521818182,572
40.45272727,-3.521818182,572
40.46,-3.521818182,572
40.46727273,-3.521818182,594
40.47454545,-3.521818182,594
40.48181818,-3.521818182,594
40.48909091,-3.521818182,631
40.49636364,-3.521818182,631
40.50363636,-3.521818182,656
40.51090909,-3.521818182,656
40.51818182,-3.521818182,656
40.52545455,-3.521818182,662
40.53272727,-3.521818182,662
40.54,-3.521818182,662
40.54727273,-3.521818182,655
40.55454545,-3.521818182,655
40.56181818,-3.521818182,645
40.56909091,-3.521818182,645
40.57636364,-3.521818182,645
40.58363636,-3.521818182,635
40.59090909,-3.521818182,635
40.59818182,-3.521818182,635
40.60545455,-3.521818182,627
40.61272727,-3.521818182,627
40.62,-3.521818182,627
40.62727273,-3.521818182,625
40.63454545,-3.521818182,625
40.64181818,-3.521818182,628
40.64909091,-3.521818182,628
40.65636364,-3.521818182,628
40.66363636,-3.521818182,634
40.67090909,-3.521818182,634
40.67818182,-3.521818182,634
40.68545455,-3.521818182,639
40.69272727,-3.521818182,639
40.7,-3.521818182,639
40.3,-3.514545455,537
40.30727273,-3.514545455,541
40.31454545,-3.514545455,541
40.32181818,-3.514545455,541
40.32909091,-3.514545455,572
40.33636364,-3.514545455,572
40.34363636,-3.514545455,600
40.35090909,-3.514545455,600
40.35818182,-3.514545455,600
40.36545455,-3.514545455,594
40.37272727,-3.514545455,594
40.38,-3.514545455,594
40.38727273,-3.514545455,576
40.39454545,-3.514545455,576
40.40181818,-3.514545455,576
40.40909091,-3.514545455,569
40.41636364,-3.514545455,569
40.42363636,-3.514545455,565
40.43090909,-3.514545455,565
40.43818182,-3.514545455,565
40.44545455,-3.514545455,575
40.45272727,-3.514545455,575
40.46,-3.514545455,575
40.46727273,-3.514545455,609
40.47454545,-3.514545455,609
40.48181818,-3.514545455,609
40.48909091,-3.514545455,654
40.49636364,-3.514545455,654
40.50363636,-3.514545455,688
40.51090909,-3.514545455,688
40.51818182,-3.514545455,688
40.52545455,-3.514545455,703
40.53272727,-3.514545455,703
40.54,-3.514545455,703
40.54727273,-3.514545455,703
40.55454545,-3.514545455,703
40.56181818,-3.514545455,698
40.56909091,-3.514545455,698
40.57636364,-3.514545455,698
40.58363636,-3.514545455,682
40.59090909,-3.514545455,682
40.59818182,-3.514545455,682
40.60545455,-3.514545455,662
40.61272727,-3.514545455,662
40.62,-3.514545455,662
40.62727273,-3.514545455,646
40.63454545,-3.514545455,646
40.64181818,-3.514545455,639
40.64909091,-3.514545455,639
40.65636364,-3.514545455,639
40.66363636,-3.514545455,640
40.67090909,-3.514545455,640
40.67818182,-3.514545455,640
40.68545455,-3.514545455,645
40.69272727,-3.514545455,645
40.7,-3.514545455,645
40.3,-3.507272727,537
40.30727273,-3.507272727,541
40.31454545,-3.507272727,541
40.32181818,-3.507272727,541
40.32909091,-3.507272727,572
40.33636364,-3.507272727,572
40.34363636,-3.507272727,600
40.35090909,-3.507272727,600
40.35818182,-3.507272727,600
40.36545455,-3.507272727,594
40.37272727,-3.507272727,594
40.38,-3.507272727,594
40.38727273,-3.507272727,576
40.39454545,-3.507272727,576
40.40181818,-3.507272727,576
40.40909091,-3.507272727,569
40.41636364,-3.507272727,569
40.42363636,-3.507272727,565
40.43090909,-3.507272727,565
40.43818182,-3.507272727,565
40.44545455,-3.507272727,575
40.45272727,-3.507272727,575
40.46,-3.507272727,575
40.46727273,-3.507272727,609
40.47454545,-3.507272727,609
40.48181818,-3.507272727,609
40.48909091,-3.507272727,654
40.49636364,-3.507272727,654
40.50363636,-3.507272727,688
40.51090909,-3.507272727,688
40.51818182,-3.507272727,688
40.52545455,-3.507272727,703
40.53272727,-3.507272727,703
40.54,-3.507272727,703
40.54727273,-3.507272727,703
40.55454545,-3.507272727,703
40.56181818,-3.507272727,698
40.56909091,-3.507272727,698
40.57636364,-3.507272727,698
40.58363636,-3.507272727,682
40.59090909,-3.507272727,682
40.59818182,-3.507272727,682
40.60545455,-3.507272727,662
40.61272727,-3.507272727,662
40.62,-3.507272727,662
40.62727273,-3.507272727,646
40.63454545,-3.507272727,646
40.64181818,-3.507272727,639
40.64909091,-3.507272727,639
40.65636364,-3.507272727,639
40.66363636,-3.507272727,640
40.67090909,-3.507272727,640
40.67818182,-3.507272727,640
40.68545455,-3.507272727,645
40.69272727,-3.507272727,645
40.7,-3.507272727,645
40.3,-3.5,562
40.30727273,-3.5,547
40.31454545,-3.5,547
40.32181818,-3.5,547
40.32909091,-3.5,557
40.33636364,-3.5,557
40.34363636,-3.5,571
40.35090909,-3.5,571
40.35818182,-3.5,571
40.36545455,-3.5,569
40.37272727,-3.5,569
40.38,-3.5,569
40.38727273,-3.5,565
40.39454545,-3.5,565
40.40181818,-3.5,565
40.40909091,-3.5,569
40.41636364,-3.5,569
40.42363636,-3.5,573
40.43090909,-3.5,573
40.43818182,-3.5,573
40.44545455,-3.5,581
40.45272727,-3.5,581
40.46,-3.5,581
40.46727273,-3.5,606
40.47454545,-3.5,606
40.48181818,-3.5,606
40.48909091,-3.5,640
40.49636364,-3.5,640
40.50363636,-3.5,673
40.51090909,-3.5,673
40.51818182,-3.5,673
40.52545455,-3.5,698
40.53272727,-3.5,698
40.54,-3.5,698
40.54727273,-3.5,718
40.55454545,-3.5,718
40.56181818,-3.5,735
40.56909091,-3.5,735
40.57636364,-3.5,735
40.58363636,-3.5,727
40.59090909,-3.5,727
40.59818182,-3.5,727
40.60545455,-3.5,698
40.61272727,-3.5,698
40.62,-3.5,698
40.62727273,-3.5,672
40.63454545,-3.5,672
40.64181818,-3.5,662
40.64909091,-3.5,662
40.65636364,-3.5,662
40.66363636,-3.5,664
40.67090909,-3.5,664
40.67818182,-3.5,664
40.68545455,-3.5,673
40.69272727,-3.5,673
40.7,-3.5,673
